"","ID","Term_Description","Fold_Enrichment_A","occurrence_A","support_A","lowest_p_A","highest_p_A","Up_regulated_A","Down_regulated_A","Fold_Enrichment_B","occurrence_B","support_B","lowest_p_B","highest_p_B","Up_regulated_B","Down_regulated_B","combined_p","status"
"1","GO:0000184","nuclear-transcribed mRNA catabolic process, nonsense-mediated decay",NA,NA,NA,NA,NA,NA,NA,2.04483413179065,7,0.00757575757575758,0.00633790731785566,0.00813078788530598,"SMG6","CTIF",0.00633790731785566,"B only"
"2","GO:0000226","microtubule cytoskeleton organization",NA,NA,NA,NA,NA,NA,NA,3.16556053094515,3,0.0123456790123457,7.51223580611184e-05,0.00294339048294526,"EML1, FER, MAP4, CLASP1, DISC1","MAPT, MID1",7.51223580611184e-05,"B only"
"3","GO:0001502","cartilage condensation",8.23216885007278,10,0.0160859065033638,0.0384468569224745,0.0424888832371448,"","SOX5, SOX6",7.83853083853084,5,0.00757575757575758,0.0467322597277531,0.0467322597277531,"","SOX5, SOX6",0.0131551383389786,"common"
"4","GO:0001525","angiogenesis",2.77835698689956,5,0.00526315789473684,0.0163126643353699,0.0439857659662528,"RBPJ, PTK2, RORA, SRPK2, RNF213","SAT1, PXDN, NRP1, CALCRL",2.64550415800416,4,0.00806138306138306,0.030307770376969,0.0416020633124964,"ACTG1, ITGA5, ITGAV, PTK2, RORA","MCAM, PXDN, NRP1, CALCRL",0.00425785838949777,"common"
"5","GO:0001569","branching involved in blood vessel morphogenesis",NA,NA,NA,NA,NA,NA,NA,4.7031185031185,1,0.00578034682080925,0.00210172308433842,0.00210172308433842,"CTNNB1","COL4A1, NRP1",0.00210172308433842,"B only"
"6","GO:0001764","neuron migration",5.06595006158325,10,0.0181143605412484,0.023357293263891,0.0283343737380086,"FGFR1, MAP1B, AUTS2, DISC1","NTRK2, NRP1, RAPGEF2, SEMA3A",4.22074737459353,4,0.0127303967510153,0.0283343737380086,0.0465744822439037,"FGFR1, MAP1B, AUTS2, DISC1","NTRK2, NRP1, SEMA3A",0.00550664262630755,"common"
"7","GO:0001774","microglial cell activation",NA,NA,NA,NA,NA,NA,NA,3.13541233541234,6,0.00687429854096521,0.00124685038781924,0.00124685038781924,"APP","MAPT",0.00124685038781924,"B only"
"8","GO:0001837","epithelial to mesenchymal transition",NA,NA,NA,NA,NA,NA,NA,3.35937035937036,2,0.00544119381856789,3.81136960483816e-06,0.000367104108002296,"CTNNB1, FGFR1, S100A4, TGFBR1, TGFBR3","LIMS1",3.81136960483816e-06,"B only"
"9","GO:0001932","regulation of protein phosphorylation",4.93930131004367,10,0.0054354247902635,0.00370784550293254,0.00438111032972101,"FER, FN1, PTK2, CORO1C","FNIP2",3.7624948024948,2,0.00590222160317571,0.007292335855601,0.007292335855601,"FER, FN1, PTK2","FNIP2",0.000311439900589356,"common"
"10","GO:0001934","positive regulation of protein phosphorylation",2.37086462882096,4,0.00812608444187392,0.0118724585721962,0.0418083205491097,"APP, EGFR, PTK2, LIMCH1, SLCO3A1, FAM20A, WDFY2","ANGPT1, HSP90AA1, INSR, NTRK2, ADIPOQ",1.69312266112266,2,0.00766690917230959,0.0189237589053283,0.0418083205491097,"ABL1, APP, PTK2, SLCO3A1, FAM20A","ANGPT1, INSR, NTRK2, ADIPOQ",0.00211210820544942,"common"
"11","GO:0002062","chondrocyte differentiation",3.22128346307196,10,0.0053619688344546,0.00357925337782876,0.00417302681217525,"","NFIB, SOX5, SOX6",NA,NA,NA,NA,NA,NA,NA,0.00357925337782876,"A only"
"12","GO:0002502","peptide antigen assembly with MHC class I protein complex",4.11608442503639,10,0.0100502512562814,0.0384468569224745,0.0384468569224745,"B2M","",NA,NA,NA,NA,NA,NA,NA,0.0384468569224745,"A only"
"13","GO:0002755","MyD88-dependent toll-like receptor signaling pathway",NA,NA,NA,NA,NA,NA,NA,3.35937035937036,8,0.00687429854096521,0.00262370826473266,0.00386142110886974,"","IRAK2, TNIP1",0.00262370826473266,"B only"
"14","GO:0003151","outflow tract morphogenesis",NA,NA,NA,NA,NA,NA,NA,1.80889173196866,1,0.00578034682080925,0.0414489660104774,0.0414489660104774,"CTNNB1, ELN, TGFBR3","",0.0414489660104774,"B only"
"15","GO:0003254","regulation of membrane depolarization",9.87860262008734,4,0.0052007348570811,0.031173212595523,0.0341390698984277,"","FHL1, NEDD4L",NA,NA,NA,NA,NA,NA,NA,0.031173212595523,"A only"
"16","GO:0006346","DNA methylation-dependent heterochromatin formation",4.49027391822152,10,0.0053619688344546,0.0285904373718301,0.0317393999629315,"DNMT3A","MBD2",NA,NA,NA,NA,NA,NA,NA,0.0285904373718301,"A only"
"17","GO:0006355","regulation of DNA-templated transcription",1.22370077501082,6,0.00514414176143877,0.000776345511370534,0.00144283316725504,"BACH1, GLI2, GLI3, SMAD3, RORA, RPS6KA5, SOX13","INSR, SMARCA2, ATF7, JADE1",1.80074357101384,10,0.0157611693325979,4.13660472794986e-05,0.0246041533205999,"ABL1, ZFHX3, BACH1, FUS, GLI2, GLI3, RORA, TGFBR1","ESR2, ESRRG, NR3C1, INSR, MITF, RREB1, SMARCA2, ATF7, PPARGC1B",5.86214068321006e-07,"common"
"18","GO:0006468","protein phosphorylation",2.56702039410872,10,0.0248632368307825,2.04432588921896e-07,3.76144022674033e-07,"ADAM10, APP, FER, PRKCA, PRKCE, PRKG1, MAPK1, SRPK2, STK3, DCLK1, RPS6KA5, CDC42BPB, AKT3, STK38, AAK1","INSR, LIPE, MAP3K5, PRKCH, PKN2, MAPK10, KALRN, HIPK3, STK38L, SIK2, DAPK2, HIPK2, SNRK, FNIP2",2.27570250150895,10,0.0157611693325979,2.38870202109059e-05,0.0096578276259304,"APP, FER, CDK17, PRKCA, MAPK9, DCLK1, STK17A, CDC42BPB, PPP4R1, AKT3, STK38, AAK1, MAST2","INSR, IRAK2, LIPE, MYLK, PRKCD, PRKCH, MAPK10, MAP4K3, STK38L, SIK2, DAPK2, HIPK2, SNRK, FNIP2",1.32069443954001e-10,"common"
"19","GO:0006470","protein dephosphorylation",1.87568404178873,4,0.0054210495386966,0.0180502755563065,0.0180502755563065,"PPP2R2A, PTPRD","PPP2R5A, PTEN, PTPRM, PTPRS",3.5719887365457,10,0.012196935891715,5.76618169629938e-07,0.0437343601558732,"PPP2R2A, PPP3CA, PTPN12, PTPRD, CTTNBP2NL","PPM1B, PPP2R3A, PPP2R5A, PTEN, PTPRM, PTPRS, SSH2",2.01716380755191e-07,"common"
"20","GO:0006476","protein deacetylation",4.49027391822152,3,0.00632911392405063,0.000335734699172284,0.000335734699172284,"HDAC4, HDAC7","",NA,NA,NA,NA,NA,NA,NA,0.000335734699172284,"A only"
"21","GO:0006511","ubiquitin-dependent protein catabolic process",1.80706145489402,10,0.0107576633892423,0.0160373114743392,0.0243448750353449,"NEDD4, RNF213, SMURF2, SPSB1, SPSB4","USP33, NEDD4L, NPLOC4, RNF217",NA,NA,NA,NA,NA,NA,NA,0.0160373114743392,"A only"
"22","GO:0006888","endoplasmic reticulum to Golgi vesicle-mediated transport",1.76403618215845,6,0.00514414176143877,0.00195910936131276,0.00228142767083677,"SEC24D, ERGIC1","ATL2, MIA3",NA,NA,NA,NA,NA,NA,NA,0.00195910936131276,"A only"
"23","GO:0006897","endocytosis",5.16903625469686,10,0.019493670886076,0.00179745732192112,0.0165075159161399,"BIN1, APP, DNM1, MYO1E, SCARA5","SORT1, PICALM, TBC1D2B, HOOK2",5.46874244548663,5,0.00602409638554217,0.0133769044043274,0.0276270681905237,"APP, DNM1, DPYSL2, MYO1E, DENND1A, SCARA5","LDLR, SORT1, TBC1D2B, HOOK2",0.000279771380544287,"common"
"24","GO:0006909","phagocytosis",4.41009045539613,7,0.00537634408602151,0.00465688128096493,0.0408062942188056,"ANXA11, AXL, CORO1C","ANXA1, ITGB1",3.35937035937036,2,0.00569671467875061,0.018847442969618,0.0284413601864821,"AXL","ANXA1, ITGB1, LDLR",0.000907614051591114,"common"
"25","GO:0006974","DNA damage response",NA,NA,NA,NA,NA,NA,NA,1.58889138618868,10,0.0196291091286814,0.0011358140311131,0.0294933906725762,"ABL1, NEDD4, PSEN1, SETX, SMC5, SETD7","BCL2, BCL6, MAPT, PRKCD, UBE2E2, YAP1, UBR5, MACROD2, SHPRH",0.0011358140311131,"B only"
"26","GO:0007010","cytoskeleton organization",3.77307738961669,10,0.0215153267784847,1.62440941427078e-06,0.0172034460814886,"BIN1, DST, CAPZB, DIAPH1, TPM1, LIMD1, CDC42BPB, SIPA1L3, FGD5","SH3KBP1, FGD4",3.59265996765997,9,0.0120481927710843,3.43849302222489e-05,0.031712456181019,"DST, CAPZB, DIAPH1, DPYSL2, TPM1, CDC42BPB, SIPA1L3, FGD5","SH3KBP1, FGD4, SYNE3",1.37449930249154e-09,"common"
"27","GO:0007030","Golgi organization",2.17910351913691,1,0.00632911392405063,0.00181338447936336,0.00181338447936336,"OPTN, SYNE1, ARHGAP21, VPS13B","NPLOC4, ATL2",NA,NA,NA,NA,NA,NA,NA,0.00181338447936336,"A only"
"28","GO:0007155","cell adhesion",2.14036390101892,10,0.0053619688344546,0.00103459066448692,0.0161196248328482,"CD44, COL5A1, DDR2, ROBO1, TNXB, PLXNC1, ITGA11, CLSTN1","ITGB1, LAMB1, PTPRF, PXDN, MAGI1",2.8218711018711,10,0.0179297794904731,5.32237529557811e-06,0.00988063455163835,"CD44, COL5A1, CTNNB1, HAS1, ITGA5, ITGA9, ITGAV, TNXB, PPFIBP1, ITGA11, CLSTN1, CDON","ITGB1, LAMB1, PTPRF, PXDN, AOC3, MAGI1",1.10225079851809e-07,"common"
"29","GO:0007156","homophilic cell adhesion via plasma membrane adhesion molecules",4.35820703827383,10,0.00842771485676216,0.00143175811313906,0.0468583982775369,"ROBO1, DSCAML1, SDK1","ITGB1, PTPRM, TENM3",4.84144551791611,5,0.00598802395209581,0.0192983353990869,0.0240803808223722,"ROBO2, DSCAML1, KIRREL3, SDK1","ITGB1, PTPRM, TENM3",0.000317657045668877,"common"
"30","GO:0007163","establishment or maintenance of cell polarity",NA,NA,NA,NA,NA,NA,NA,5.53308059190412,4,0.00590222160317571,0.00912693338011982,0.0356846672826937,"ACTB, CDC42BPB","DLG1, CAP2",0.00912693338011982,"B only"
"31","GO:0007173","epidermal growth factor receptor signaling pathway",2.31529748908297,9,0.00537634408602151,0.00250884545007077,0.00318051500093414,"EGFR","SOS1, BCAR3",NA,NA,NA,NA,NA,NA,NA,0.00250884545007077,"A only"
"32","GO:0007179","transforming growth factor beta receptor signaling pathway",3.03957003694995,10,0.0104014697141622,0.0030604366889932,0.0030604366889932,"COL1A2, COL3A1, SMAD3, PTK2, PXN, TGFBR2, ZMIZ1","ITGB1",3.25600511754358,4,0.0108457367024345,0.0243540886856876,0.029276637025016,"COL1A2, COL3A1, FOS, PTK2, PXN, TGFBR1, TGFBR3, ZYX","ITGB1",0.000782925546918415,"common"
"33","GO:0007185","cell surface receptor protein tyrosine phosphatase signaling pathway",14.817903930131,10,0.00562081596564355,0.00474922759661018,0.018093717498993,"PTPRD, TRIO","PTPRF",18.812474012474,9,0.0185185185185185,1.21165999606285e-05,0.000119239877376235,"PTPRD, TRIO","PTPRF, FRS2",1.01685186327515e-06,"common"
"34","GO:0007204","positive regulation of cytosolic calcium ion concentration",NA,NA,NA,NA,NA,NA,NA,4.19921294921295,3,0.00757575757575758,0.00807498226539428,0.0089813110413794,"ABL1, ABL2, CACNA1C, CD55, LPAR1, ITPR3","ADCY5, ADRA1A, CD36, ESR1",0.00807498226539428,"B only"
"35","GO:0007219","Notch signaling pathway",6.17412663755459,10,0.0053619688344546,0.00633790731785566,0.00723828012956809,"ADAM10, JAG1, RBPJ, ZNF423","MAML3, MAML2",NA,NA,NA,NA,NA,NA,NA,0.00633790731785566,"A only"
"36","GO:0007229","integrin-mediated signaling pathway",4.04124652639937,2,0.00501256281407035,0.00926119542288046,0.0318753599722942,"COL3A1, DOCK1, FN1, PTK2, PTPRA, ITGA11","ITGB1, NRP1, ITGB1BP1",5.55823095823096,10,0.0456918456918457,3.54567169353744e-06,0.000627647315852519,"ABL1, COL3A1, DOCK1, FBLN1, FN1, ITGA5, ITGAV, PTK2, PTPRA, ZYX, ITGA11","ITGB1, NRP1",5.98677388789914e-07,"common"
"37","GO:0007611","learning or memory",4.23368683718029,9,0.0100502512562814,0.000944192298060887,0.0232277889173191,"APP, B2M, EGFR","MME, PTEN, PICALM",4.03124443124443,5,0.00602409638554217,0.0297748312918092,0.0462976974284301,"APP, B2M, NEDD9, PSEN1","MME, PTEN",0.000322718698770358,"common"
"38","GO:0007612","learning",3.63183919856152,10,0.0102882835228775,0.0140078799104944,0.018614295510751,"APP, FYN, NLGN4Y","INSR, NTRK2",3.45817536994008,10,0.0173673673673674,0.000214755665655371,0.0423672242422091,"APP, FYN, NLGN4Y","INSR, NTRK2",4.12558721878955e-05,"common"
"39","GO:0007613","memory",NA,NA,NA,NA,NA,NA,NA,3.56296856296856,2,0.00816668736802882,0.0279381071291692,0.0386635282408174,"PSEN1, PLCB1","EIF4EBP2, INSR, MAPT",0.0279381071291692,"B only"
"40","GO:0008286","insulin receptor signaling pathway",7.54615477923338,10,0.0360089923300714,1.28298225292869e-10,2.65360396910934e-09,"FER, IGF1R, RHOQ","AKT2, CAV2, INSR, PDK4, BCAR3, IRS2, NAMPT, SORBS1",5.87889812889813,10,0.0152288188002474,2.99262278562465e-05,0.0454649573224051,"FER, IGF1R","GPLD1, INSR, PDK4, BCAR3, IRS2, NAMPT, SORBS1",1.31285090768515e-13,"common"
"41","GO:0008360","regulation of cell shape",4.93930131004367,10,0.0282332716212642,1.86773601946447e-06,0.0192290812797718,"DIAPH1, LPAR1, FYN, PTK2, TPM1, LIMD1, EPB41L3, DNMBP, ARAP1, FGD5","ANXA1, DLC1, CDC42EP4, SH3KBP1, FGD4",5.01665973665974,6,0.0152472832113551,9.52828843519489e-05,0.0462240904950122,"DIAPH1, LPAR1, FYN, PTK2, TPM1, EPB41L3, DNMBP, FGD5","ANXA1, DLG1, EPS8, DLC1, CDC42EP4, SH3KBP1, FGD4, SYNE3",4.17313983784621e-09,"common"
"42","GO:0008380","RNA splicing",NA,NA,NA,NA,NA,NA,NA,1.51713500100597,4,0.00590222160317571,0.00214307489315053,0.00252753446482424,"FUS, NOVA1","HNRNPC, MBNL1",0.00214307489315053,"B only"
"43","GO:0008543","fibroblast growth factor receptor signaling pathway",3.29286754002911,1,0.00537634408602151,0.0462976974284302,0.0462976974284302,"FGFR1, FLRT2","FGF2, FGF10",4.7031185031185,5,0.00854700854700855,5.11981603535659e-05,0.0259866645770604,"FGF7, FGFR1, SETX, FLRT2","FGF10, FRS2",3.30723340705839e-05,"common"
"44","GO:0009410","response to xenobiotic stimulus",4.20366068939887,1,0.00632911392405063,0.028500875636375,0.028500875636375,"ABCC1, NPAS2, TGFBR2, SEMA3C","ADRA1A, BCL2, PTPRM, BCAR3",4.00265404520724,4,0.00901810836159007,0.0288846014285788,0.0329651121698078,"CTNNB1, ABCC1, SEMA3C","ADRA1A, ABCC6, BCL2, PTPRM, BCAR3",0.0066700814811913,"common"
"45","GO:0010518","positive regulation of phospholipase activity",NA,NA,NA,NA,NA,NA,NA,3.91926541926542,2,0.00728555246627536,0.0424888832371448,0.0424888832371448,"FGFR1","",0.0424888832371448,"B only"
"46","GO:0010629","negative regulation of gene expression",1.60527292576419,10,0.00636968516715352,0.00360788529262575,0.042253740981887,"ADAM10, APP, CD34, DNMT1, SMAD3, ROBO1, KLF4, PARP14","PC, PPARG, PICALM, YAP1, SLC24A3",1.64609147609148,10,0.0358402620307382,0.000938405006494266,0.00341516730692331,"APP, CD34, DNMT1, PSEN1, KLF4, RBMS3, MYADM","ESR1, MAPT, PC, PPARG, YAP1, SLC24A3, CCDC3",4.60312737046807e-05,"common"
"47","GO:0010632","regulation of epithelial cell migration",16.4643377001456,10,0.0160208212839792,0.00110041884495082,0.0154943217243225,"PTK2, SASH1, CORO1C","MACF1",NA,NA,NA,NA,NA,NA,NA,0.00110041884495082,"A only"
"48","GO:0010718","positive regulation of epithelial to mesenchymal transition",3.22128346307196,5,0.00537634408602151,0.0302840500701554,0.0468458059101128,"COL1A1, SMAD3, PTK2, TGFBR2, GLIPR2","TWIST1",2.55604266473832,10,0.0138259007306626,0.00136421138918673,0.0120579136396152,"COL1A1, CTNNB1, PTK2, TGFBR1","TCF7L2",0.000458348733137213,"common"
"49","GO:0010763","positive regulation of fibroblast migration",12.3482532751092,10,0.00846828609986505,0.000288295570208981,0.0411653498445704,"DDR2, PRKCE, PTK2","ITGB1",NA,NA,NA,NA,NA,NA,NA,0.000288295570208981,"A only"
"50","GO:0010863","positive regulation of phospholipase C activity",9.26118995633188,10,0.0271771239513175,0.000114139226595981,0.000202512773899966,"FGFR1, PDGFRA, PDGFRB","",8.81834719334719,7,0.0153061224489796,0.000202512773899966,0.000449228460783756,"ABL2, FGFR1","ESR1",4.29534924438801e-07,"common"
"51","GO:0016050","vesicle organization",9.26118995633188,10,0.0053619688344546,0.0290635351365466,0.0488008189905263,"","CAV1, CAV2, SORT1",NA,NA,NA,NA,NA,NA,NA,0.0290635351365466,"A only"
"52","GO:0016477","cell migration",3.38581138188477,10,0.0316122584943371,9.97258267856049e-06,7.51599665993987e-05,"CD44, COL5A1, FGFR1, PTK2, PXN, LIMD1, CDC42BPB, ASAP3, SPATA13","ITGB1, PIK3CB, PTEN, PTPRF, ITGB1BP1, USP33, SH3KBP1, ADAMTS12",3.60319562738918,10,0.0381952857291198,7.76727515068147e-06,0.000319190921017269,"CD44, COL5A1, FGFR1, IGFBP6, ITGAV, PTK2, PXN, TGFBR3, IQGAP1, CDC42BPB, ASAP3, SPATA13","ITGB1, PIK3CB, PTEN, PTPRF, USP33, SH3KBP1, ADAMTS12",1.88082155174842e-09,"common"
"53","GO:0016525","negative regulation of angiogenesis",NA,NA,NA,NA,NA,NA,NA,2.73437122274332,8,0.00982753637151941,0.00045347951361872,0.0450332110060649,"CTNNB1, DCN, THBS2, KLF4, SULF1","COL4A2, GTF2I, PDE3B, PPARG, PTPRM",0.00045347951361872,"B only"
"54","GO:0016567","protein ubiquitination",NA,NA,NA,NA,NA,NA,NA,1.63113936524341,1,0.0120481927710843,0.00601438270708319,0.00601438270708319,"NEDD4, FBXL7, FBXL2, SPSB1, KLHL13, SPSB4","PDZRN3, MYCBP2, NEDD4L, KLHL24, RNF157, SHPRH",0.0060143827070832,"B only"
"55","GO:0016925","protein sumoylation",2.74405628335759,10,0.0053619688344546,0.00106101447106332,0.0143248116482552,"HDAC4, HDAC7","EYA1, UBA2",2.61284361284361,3,0.00617283950617284,0.00317300521724213,0.00408300857179453,"HDAC4, HDAC7","EYA1, UBA2",4.57912269890999e-05,"common"
"56","GO:0018105","peptidyl-serine phosphorylation",1.87568404178873,1,0.0053475935828877,0.00272541281249838,0.00272541281249838,"PRKCA, PRKCE, MAPK1, SRPK2","HIPK3, HIPK2",1.78599436827285,8,0.0060984679458575,0.0210831733762052,0.0437343601558732,"PRKCA, RPS6KA3, TGFBR1","PCK1, PRKCD, HIPK2",0.000618527085466693,"common"
"57","GO:0018107","peptidyl-threonine phosphorylation",2.35204824287794,1,0.0053475935828877,0.0267453803293184,0.0267453803293184,"PRKCA, MAPK1","HIPK3, HIPK2",NA,NA,NA,NA,NA,NA,NA,0.0267453803293184,"A only"
"58","GO:0018108","peptidyl-tyrosine phosphorylation",4.63059497816594,10,0.0641091954022989,8.59517470987706e-11,1.37206948765721e-05,"EGFR, FER, FGFR1, FYN, DDR2, PDGFRA, PDGFRB, PTK2","INSR",3.42935724185724,10,0.0304339774060127,2.61890674090988e-06,0.00140938153117039,"ABL1, ABL2, FER, FGFR1, FYN, PTK2","INSR",8.33543600065724e-15,"common"
"59","GO:0018149","peptide cross-linking",NA,NA,NA,NA,NA,NA,NA,3.35937035937036,2,0.00894251796313652,0.00313763757796099,0.00313763757796099,"COL3A1, FN1","ANXA1",0.00313763757796099,"B only"
"60","GO:0019221","cytokine-mediated signaling pathway",2.01604135103823,1,0.0053475935828877,0.00707795170338199,0.00707795170338199,"FER, IL6ST, PTPRJ","SOS1",NA,NA,NA,NA,NA,NA,NA,0.00707795170338199,"A only"
"61","GO:0021637","trigeminal nerve structural organization",12.3482532751092,2,0.00501256281407035,0.0384468569224745,0.0384468569224745,"","NRP1, SEMA3A, PLXNA4",NA,NA,NA,NA,NA,NA,NA,0.0384468569224745,"A only"
"62","GO:0021785","branchiomotor neuron axon guidance",12.3482532751092,2,0.00501256281407035,0.0384468569224745,0.0384468569224745,"","NRP1, SEMA3A, PLXNA4",NA,NA,NA,NA,NA,NA,NA,0.0384468569224745,"A only"
"63","GO:0030011","maintenance of cell polarity",NA,NA,NA,NA,NA,NA,NA,7.83853083853084,1,0.00510204081632653,0.0044634116548189,0.0044634116548189,"DST, PDLIM1","",0.0044634116548189,"B only"
"64","GO:0030032","lamellipodium assembly",5.6128423977769,2,0.0057051282051282,0.0487245284618079,0.0487245284618079,"ABLIM1, ABLIM3, CYFIP1, SPATA13","ITGB1",NA,NA,NA,NA,NA,NA,NA,0.0487245284618078,"A only"
"65","GO:0030036","actin cytoskeleton organization",3.41333830368871,2,0.00501256281407035,0.0116838558354985,0.027488516573671,"DIAPH1, FER, PRKG1, TNXB, CDC42BPB, MTSS1, ELMO1, AUTS2, ANTXR1, FGD5","ANXA1, FGF10, SPTBN1, DLC1, MRAS, SIPA1L1, FGD4",4.20604093774825,1,0.00510204081632653,0.00142123542893601,0.00142123542893601,"ABL1, DIAPH1, FER, FGF7, TNXB, PDLIM1, CDC42BPB, ELMO1, AUTS2, RHOJ, HMCN1, ANTXR1, FGD5","ANXA1, FGF10, SPTBN1, MTSS1, DLC1, MRAS, SIPA1L1, SSH2, FGD4",0.000199362031718248,"common"
"66","GO:0030041","actin filament polymerization",2.46965065502183,5,0.00574712643678161,0.00311414956498863,0.00464314228750886,"DIAPH1","GSN",NA,NA,NA,NA,NA,NA,NA,0.00311414956498863,"A only"
"67","GO:0030148","sphingolipid biosynthetic process",4.2580183707273,1,0.0050251256281407,0.00735992274225214,0.00735992274225214,"ABCC1, CERS4, SGMS1","PPM1L, CERS6",NA,NA,NA,NA,NA,NA,NA,0.00735992274225214,"A only"
"68","GO:0030199","collagen fibril organization",5.96122571901822,1,0.0050251256281407,0.00330360170970161,0.00330360170970161,"COL1A1, COL1A2, COL3A1, COL5A1, DDR2, ADAMTS2","PXDN",6.48706000430138,8,0.00600606016881899,1.17438212791486e-06,0.0085791767920988,"COL1A1, COL1A2, COL3A1, COL5A1, TGFBR1, TLL1, ADAMTS2","PXDN",7.90196427382542e-08,"common"
"69","GO:0030220","platelet formation",NA,NA,NA,NA,NA,NA,NA,4.27556227556228,1,0.00510204081632653,0.0285904373718301,0.0285904373718301,"TPM4","ACTN1",0.0285904373718301,"B only"
"70","GO:0030299","intestinal cholesterol absorption",NA,NA,NA,NA,NA,NA,NA,11.7577962577963,1,0.00854700854700855,0.0424888832371448,0.0424888832371448,"","CD36, AKR1C1, LDLR",0.0424888832371448,"B only"
"71","GO:0030335","positive regulation of cell migration",2.51150914070017,10,0.0609810126582278,2.7285887782391e-09,1.3402257166902e-07,"ADAM10, COL1A1, EGFR, FER, IGF1R, ROR2, PDGFRA, PDGFRB, PRKCA, PTK2","AKT2, CAV1, INSR, ITGB1, LAMB1, MYO1C, TWIST1, FZD4",2.65712909780706,6,0.0271164021164021,6.89558813582915e-05,0.00220557026815997,"ACTG1, COL1A1, FER, HAS2, IGF1R, NEDD9, ROR2, PPP3CA, PRKCA, PTK2, TGFBR1, MYADM","CAV1, INSR, ITGB1, LAMB1, MYLK, MYO1C, FZD4, TWIST2",5.70129991819412e-12,"common"
"72","GO:0030336","negative regulation of cell migration",3.40641469658184,5,0.0050251256281407,0.0451300459643246,0.0490323212195895,"JAG1, DPYSL3, IGFBP5, PTPRJ, ROBO1, TPM1, RECK, LIMCH1, SULF1, EMILIN2","PTEN, ADIPOQ, MAGI2, DLC1, SCAI, MIA3",NA,NA,NA,NA,NA,NA,NA,0.0451300459643246,"A only"
"73","GO:0030521","androgen receptor signaling pathway",3.29286754002911,1,0.00574712643678161,0.0331736207462225,0.0331736207462225,"MAPK1, ZMIZ1","",NA,NA,NA,NA,NA,NA,NA,0.0331736207462225,"A only"
"74","GO:0031032","actomyosin structure organization",6.17412663755459,1,0.005,0.0380170568991952,0.0380170568991952,"CDC42BPB","MYH10, EPB41L4B",NA,NA,NA,NA,NA,NA,NA,0.0380170568991952,"A only"
"75","GO:0031116","positive regulation of microtubule polymerization",NA,NA,NA,NA,NA,NA,NA,3.20667170667171,3,0.00602409638554217,0.0001499955697659,0.0209992438045263,"CLIP1, CLASP1","MAPT",0.0001499955697659,"B only"
"76","GO:0031146","SCF-dependent proteasomal ubiquitin-dependent protein catabolic process",NA,NA,NA,NA,NA,NA,NA,2.13778113778114,9,0.00934579439252336,0.00363088585038064,0.0209992438045263,"FBXL7, FBXL2","",0.00363088585038063,"B only"
"77","GO:0031175","neuron projection development",3.383083089071,9,0.00537634408602151,0.0299317170066259,0.037396492992615,"APP, MAP1B, NEDD4, OPHN1, TMEM108, CNTN4, VPS13B","LAMB1, PTPRM, RAPGEF2",2.89918263890867,10,0.0060984679458575,0.000272403725588917,0.00048648415728831,"APP, MAP1B, NEDD4, RAB6A, CNTN4, VPS13B","LAMB1, MAPT, PTPRM",0.000103688706947396,"common"
"78","GO:0031290","retinal ganglion cell axon guidance",NA,NA,NA,NA,NA,NA,NA,10.0781110781111,2,0.00556306860093435,0.0164958406075701,0.0236416935266802,"ROBO2","PTPRM, NRP1",0.0164958406075701,"B only"
"79","GO:0031295","T cell costimulation",2.55481102243638,2,0.00501256281407035,0.00066665721956679,0.0210047304186261,"DPP4, FYN","CAV1",1.62176500107535,2,0.00525372311086597,0.0234081667143874,0.0234081667143874,"FYN","CAV1",0.000188322350712809,"common"
"80","GO:0031396","regulation of protein ubiquitination",NA,NA,NA,NA,NA,NA,NA,4.27556227556228,2,0.00590222160317571,0.0275886918322514,0.0275886918322514,"CTNNB1, TGFBR1","",0.0275886918322514,"B only"
"81","GO:0031589","cell-substrate adhesion",NA,NA,NA,NA,NA,NA,NA,5.42667519590597,9,0.0173410404624277,0.00117082300419897,0.00362140218440202,"ITGA5, ITGAV","ITGB1",0.00117082300419897,"B only"
"82","GO:0031623","receptor internalization",4.54935646977706,8,0.00537883169462117,0.0261721573221076,0.0298763537558342,"NEDD4, ACKR3","CAV1, CD36, ITGB1, PICALM, CALCRL",NA,NA,NA,NA,NA,NA,NA,0.0261721573221076,"A only"
"83","GO:0032000","positive regulation of fatty acid beta-oxidation",15.4353165938865,2,0.00501256281407035,0.0477990986632428,0.0488008189905263,"","AKT2, ABCD2, TWIST1, IRS2, PLIN5",NA,NA,NA,NA,NA,NA,NA,0.0477990986632428,"A only"
"84","GO:0032024","positive regulation of insulin secretion",NA,NA,NA,NA,NA,NA,NA,4.08966826358131,4,0.0060984679458575,0.0199551384260114,0.0489060716092856,"GLUD1, MCU","TCF7L2, IRS2",0.0199551384260114,"B only"
"85","GO:0032060","bleb assembly",NA,NA,NA,NA,NA,NA,NA,13.4374814374814,4,0.00569671467875061,0.00259345496859556,0.00355441437891503,"PMP22","EMP1, MYLK, ANO6",0.00259345496859556,"B only"
"86","GO:0032092","positive regulation of protein binding",4.11608442503639,6,0.00585272900503607,0.0076830945236477,0.00900748305498539,"ADD1, B2M, STK3","EPB41, RAPGEF2, USP33, HIPK2",NA,NA,NA,NA,NA,NA,NA,0.0076830945236477,"A only"
"87","GO:0032332","positive regulation of chondrocyte differentiation",6.73541087733227,7,0.0053475935828877,0.000335734699172284,0.00361235488234085,"","SOX5, ZBTB16, SOX6",6.41334341334341,10,0.0060984679458575,0.000859825732512979,0.00572649639236757,"","SOX5, ZBTB16, SOX6",4.63550776657245e-06,"common"
"88","GO:0032364","intracellular oxygen homeostasis",NA,NA,NA,NA,NA,NA,NA,5.87889812889813,10,0.0060984679458575,0.0223580918276434,0.028428629515464,"EGLN1","",0.0223580918276434,"B only"
"89","GO:0032869","cellular response to insulin stimulus",4.93930131004367,10,0.0196153846153846,0.000385700099063731,0.00282767843166782,"RHOQ, DENND4C","AKT2, INSR, PDE3B, PPARG, IRS2, ADIPOQ, TBC1D4, SORBS1, SLC25A33",4.27556227556228,10,0.0135998539612997,0.000475499502995492,0.0194358415583894,"","GPLD1, INSR, PCK1, PDE3B, PPARG, IRS2, ADIPOQ, TBC1D4, SORBS1, SLC25A33",3.02822994346323e-06,"common"
"90","GO:0032922","circadian regulation of gene expression",2.98061285950911,1,0.0054945054945055,0.00254781440342837,0.00254781440342837,"EGR1, NPAS2, RORA","NRIP1, NAMPT, MYCBP2, LGR4",NA,NA,NA,NA,NA,NA,NA,0.00254781440342837,"A only"
"91","GO:0033137","negative regulation of peptidyl-serine phosphorylation",6.17412663755458,10,0.00603812018041612,0.014961446742433,0.0467895834228878,"","CAV1, DMD, PTEN, MLXIPL",5.87889812889813,9,0.0115606936416185,0.00325399477576198,0.0370191506382037,"","CAV1, DMD, PTEN, MLXIPL",0.000532128578056938,"common"
"92","GO:0033138","positive regulation of peptidyl-serine phosphorylation",2.62728793087429,6,0.00562081596564355,0.00040251419831676,0.0435475163185428,"APP, CD44, EGFR","CAV1, FNIP2",NA,NA,NA,NA,NA,NA,NA,0.00040251419831676,"A only"
"93","GO:0033627","cell adhesion mediated by integrin",NA,NA,NA,NA,NA,NA,NA,10.0781110781111,9,0.0227272727272727,6.05209110467934e-08,0.00168266150083201,"FBN1, ITGA5, ITGAV, ITGA11, EMILIN2","ITGB1",6.05209110467933e-08,"B only"
"94","GO:0034063","stress granule assembly",NA,NA,NA,NA,NA,NA,NA,4.27556227556228,3,0.00540540540540541,0.0121942233458791,0.0162029883336513,"BICD1, DYNC1H1, PRRC2C","MAPT",0.0121942233458791,"B only"
"95","GO:0034113","heterotypic cell-cell adhesion",NA,NA,NA,NA,NA,NA,NA,3.91926541926542,9,0.0180722891566265,0.000118778117329381,0.000194016799129951,"ITGA5, ITGAV","ITGA7, ITGB1",0.000118778117329381,"B only"
"96","GO:0034351","negative regulation of glial cell apoptotic process",NA,NA,NA,NA,NA,NA,NA,10.0781110781111,5,0.00602409638554217,0.000143911211423542,0.0164958406075701,"PRKCA","PRKCD, PRKCH",0.000143911211423542,"B only"
"97","GO:0034446","substrate adhesion-dependent cell spreading",NA,NA,NA,NA,NA,NA,NA,5.30997250352089,1,0.00617283950617284,0.0132595077929754,0.0132595077929754,"FER, FN1, ITGAV, SRGAP2, RADIL, ANTXR1","LAMB1",0.0132595077929754,"B only"
"98","GO:0034454","microtubule anchoring at centrosome",NA,NA,NA,NA,NA,NA,NA,5.22568722568723,1,0.00540540540540541,0.0011623252965278,0.0011623252965278,"NIN, HOOK3","",0.0011623252965278,"B only"
"99","GO:0034614","cellular response to reactive oxygen species",3.52807236431691,10,0.0163062743707905,0.000939174105056028,0.0138571311825345,"EGFR, FER, PDGFRA, MAPK1, PXN, TPM1","",3.91926541926542,10,0.0105600445806631,0.000253397056321005,0.0309283250566337,"FER, FOS, MAPK9, PXN, TPM1","MAPT, PEX14",3.8674921246599e-06,"common"
"100","GO:0034765","regulation of monoatomic ion transmembrane transport",9.87860262008734,10,0.0166852057842047,0.0256448412830419,0.031173212595523,"NEDD4","NEDD4L",9.40623700623701,2,0.0102976006590464,0.0283417911357988,0.031173212595523,"NEDD4","NEDD4L",0.00597943113333766,"common"
"101","GO:0035278","miRNA-mediated gene silencing by inhibition of translation",NA,NA,NA,NA,NA,NA,NA,1.15650454994717,5,0.00598802395209581,0.00200630269993101,0.00322777481234874,"AGO2","ZFP36, TNRC6A",0.00200630269993101,"B only"
"102","GO:0035338","long-chain fatty-acyl-CoA biosynthetic process",4.63059497816594,10,0.0053619688344546,0.0302547663587879,0.0407465886623714,"ACSL3","ACSL1, ELOVL5",4.4091735966736,3,0.00602409638554217,0.00201387520615538,0.0407465886623714,"ACSL3","ACSL1, ELOVL5",0.000652296910886572,"common"
"103","GO:0035385","Roundabout signaling pathway",14.817903930131,10,0.0053619688344546,0.031173212595523,0.0341390698984277,"MYO9B, ROBO1","SLIT3",NA,NA,NA,NA,NA,NA,NA,0.031173212595523,"A only"
"104","GO:0035556","intracellular signal transduction",3.00362917502656,9,0.010989010989011,0.0077699551437053,0.0333933306226936,"ADRA1B, FER, FYN, SRPK2, STK3, RPS6KA5, STK38","ADRA1A, PLCL1, PRKAR2A, PRKAR2B, ANP32A, KALRN, ITGB1BP1, RAPGEF2, STK38L, SIK2, DAPK2",NA,NA,NA,NA,NA,NA,NA,0.0077699551437053,"A only"
"105","GO:0035987","endodermal cell differentiation",4.57342713892932,4,0.0050251256281407,0.0230538492677613,0.0254184964865851,"COL12A1, FN1","COL4A2, ITGA7, LAMB1",7.83853083853084,10,0.042451858716919,3.04512560211277e-09,3.2846230684258e-05,"COL6A1, COL12A1, FN1, ITGA5, ITGAV, MMP2","COL4A2, ITGA7, LAMB1",1.71149667213624e-09,"common"
"106","GO:0038096","Fc-gamma receptor signaling pathway involved in phagocytosis",3.89944840266605,2,0.00517379679144385,0.00228872409289039,0.016831386819879,"FYN, PRKCE, PTK2","",4.95065105591421,10,0.0211200891613263,0.00227265238496728,0.00932933255134986,"ABL1, FYN, PTK2","PRKCD",6.84855670427703e-05,"common"
"107","GO:0038180","nerve growth factor signaling pathway",16.4643377001456,2,0.0053735632183908,0.0214984849825687,0.0389806629033057,"RAPGEF1, RAP1A","RAPGEF2, MAGI2",NA,NA,NA,NA,NA,NA,NA,0.0214984849825687,"A only"
"108","GO:0042060","wound healing",7.34220465006491,10,0.0150376884422111,0.00621952002104444,0.0155799791470437,"COL3A1, SMAD3, PDGFRA, TPM1, DCBLD2","FGF2, FGF10, CFLAR, MACF1, EPB41L4B, MIA3",4.44889588132831,10,0.0060984679458575,0.00387061286529006,0.00536021480120815,"COL3A1, PPP3CA, TGFBR1, TPM1","FGF10, CFLAR, EPB41L4B",0.000280079151704101,"common"
"109","GO:0042593","glucose homeostasis",3.03957003694995,9,0.00537634408602151,0.0035849442467747,0.00556191865556869,"MCU","INSR, PDK4, PPARG, PYGL, ADIPOQ, MLXIPL, ADIPOR2",3.97956181033104,6,0.00806138306138306,0.00556191865556869,0.00637214787486585,"BACE2, MCU","INSR, PCK1, PDK4, PPARG, PYGL, TCF7L2, ADIPOQ, MLXIPL, ADIPOR2",0.000235737287416222,"common"
"110","GO:0042594","response to starvation",NA,NA,NA,NA,NA,NA,NA,6.41334341334341,6,0.00588418538645253,0.0317393999629315,0.038708344107251,"","FOXO3, PDK4, ZFP36",0.0317393999629315,"B only"
"111","GO:0043001","Golgi to plasma membrane protein transport",3.95144104803493,1,0.00641025641025641,0.00464314228750886,0.00464314228750886,"OPTN","GOLGA4, SPTBN1, MACF1",NA,NA,NA,NA,NA,NA,NA,0.00464314228750886,"A only"
"112","GO:0043124","negative regulation of canonical NF-kappaB signal transduction",NA,NA,NA,NA,NA,NA,NA,3.91926541926542,9,0.00854700854700855,0.00104466180043159,0.0454809882728802,"RORA, TGFBR3, TMSB4X","ESR1, PPM1B, TLE1, ADIPOQ, TNIP1",0.00104466180043159,"B only"
"113","GO:0043149","stress fiber assembly",NA,NA,NA,NA,NA,NA,NA,5.87889812889813,4,0.00608043172913432,0.0088346019186366,0.0130645838853565,"ZYX, PDLIM1","ITGB1, SORBS1",0.0088346019186366,"B only"
"114","GO:0043243","positive regulation of protein-containing complex disassembly",12.3482532751092,10,0.0294431929763761,0.0153950713740354,0.0153950713740354,"IGF1R","INSR",11.7577962577963,10,0.048631965298632,0.01701460175422,0.020496126305066,"IGF1R","INSR",0.00242227098609626,"common"
"115","GO:0043403","skeletal muscle tissue regeneration",NA,NA,NA,NA,NA,NA,NA,15.6770616770617,6,0.00806138306138306,0.0456855573639992,0.0496112628131564,"PPP3CA","CFLAR",0.0456855573639992,"B only"
"116","GO:0043406","positive regulation of MAP kinase activity",3.38971658532409,10,0.00818968259016602,0.00207955301209719,0.0414288573917248,"EGFR, FGFR1, PDGFRB, ROBO1","FGF2, GHR, INSR",NA,NA,NA,NA,NA,NA,NA,0.00207955301209719,"A only"
"117","GO:0043407","negative regulation of MAP kinase activity",NA,NA,NA,NA,NA,NA,NA,3.13541233541234,10,0.0060984679458575,0.00113695573432169,0.00176638179787042,"STK38","PPARG, PRKCD, ADIPOQ",0.00113695573432169,"B only"
"118","GO:0043409","negative regulation of MAPK cascade",3.22128346307196,1,0.0053475935828877,0.0355216240651407,0.0355216240651407,"IGF1R","CAV1, PIK3CB",3.06725119768598,3,0.00854700854700855,8.67532102973912e-05,0.011404170655427,"IGF1R","CAV1, PIK3CB",4.21874832428728e-05,"common"
"119","GO:0043410","positive regulation of MAPK cascade",NA,NA,NA,NA,NA,NA,NA,2.26111466496082,5,0.0151515151515152,0.0201632621452094,0.0364426904773853,"LPAR1, FGFR1, IGFBP6, IQGAP1, KSR1","ADRA1A, FGF10, INSR, NTRK2, BCAR3",0.0201632621452094,"B only"
"120","GO:0043433","negative regulation of DNA-binding transcription factor activity",NA,NA,NA,NA,NA,NA,NA,1.86631686631687,4,0.00809605279237443,0.00727443500143166,0.0427888775175321,"HDAC4, EGLN1","ESR1, PEX14, TCF7L2",0.00727443500143166,"B only"
"121","GO:0043491","phosphatidylinositol 3-kinase/protein kinase B signal transduction",NA,NA,NA,NA,NA,NA,NA,1.76366943866944,2,0.00846077598414047,0.0266513186253356,0.0266513186253356,"SETX","PIK3CB, PTEN",0.0266513186253356,"B only"
"122","GO:0043507","positive regulation of JUN kinase activity",1.76403618215845,10,0.0053619688344546,0.00769626868703742,0.00769626868703742,"SASH1","MAP3K5",NA,NA,NA,NA,NA,NA,NA,0.00769626868703742,"A only"
"123","GO:0043518","negative regulation of DNA damage response, signal transduction by p53 class mediator",4.11608442503639,1,0.0050251256281407,0.0177135254574256,0.0177135254574256,"CD44","TWIST1",NA,NA,NA,NA,NA,NA,NA,0.0177135254574256,"A only"
"124","GO:0043536","positive regulation of blood vessel endothelial cell migration",3.08706331877729,10,0.0053619688344546,0.0349416320075677,0.0349416320075677,"FGFR1, PRKCA, AKT3","ANGPT1, FGF2",2.93944906444906,2,0.00814865115130564,0.0447755390431126,0.0447755390431126,"FGFR1, PRKCA, TMSB4X, AKT3","ANGPT1",0.0116716621247772,"common"
"125","GO:0043547","positive regulation of GTPase activity",3.79946254618744,1,0.00574712643678161,0.0393777233181172,0.0393777233181172,"RAPGEF1, RAP1A, S100A10, EVI5, SRGAP2, ASAP3, ARAP1","CAV2, ITGB1, LIMS1, BCAR3, RAPGEF2, NET1, DOCK11",2.84254415023646,2,0.00806138306138306,0.0338890236279298,0.0466448007100362,"RAP1A, S100A10, EVI5, DOCK9, SRGAP2, ASAP3","ITGB1, LIMS1, BCAR3, ARHGEF7, DOCK11",0.0101676391239952,"common"
"126","GO:0044027","negative regulation of gene expression via chromosomal CpG island methylation",4.49027391822152,2,0.0052007348570811,0.00645348886364914,0.0076548626276837,"DNMT1, DNMT3A","",NA,NA,NA,NA,NA,NA,NA,0.00645348886364914,"A only"
"127","GO:0044344","cellular response to fibroblast growth factor stimulus",5.48811256671519,2,0.00518817204301075,0.0439250551092677,0.0462551631721704,"ZFP36L2, CD44, FGFR1","ITGB1BP1",6.53210903210903,9,0.00854700854700855,0.00942436554318419,0.0462551631721704,"CD44, FGFR1, NR4A1, SETX","ZFP36",0.00363864626248729,"common"
"128","GO:0045070","positive regulation of viral genome replication",2.9635807860262,1,0.005,0.00764676466328755,0.00764676466328755,"SRPK2","PKN2, LARP1",NA,NA,NA,NA,NA,NA,NA,0.00764676466328755,"A only"
"129","GO:0045429","positive regulation of nitric oxide biosynthetic process",6.64905945582801,10,0.023489010989011,2.79969610948968e-05,0.000872910510775385,"SMAD3, KLF4","ASS1, CD36, HSP90AA1, INSR, PIK3CB",NA,NA,NA,NA,NA,NA,NA,2.79969610948968e-05,"A only"
"130","GO:0045444","fat cell differentiation",NA,NA,NA,NA,NA,NA,NA,2.67222642222642,4,0.00571475089547379,0.00111039529201904,0.00135606733685281,"NR4A1, NR4A3, KLF4, ZFPM2","TCF7L2",0.00111039529201904,"B only"
"131","GO:0045599","negative regulation of fat cell differentiation",4.49027391822152,6,0.00514414176143877,0.0279381071291692,0.0348317957433458,"ZFP36L2, SMAD3, RORA, TRIO","ADIPOQ, YAP1",NA,NA,NA,NA,NA,NA,NA,0.0279381071291692,"A only"
"132","GO:0045600","positive regulation of fat cell differentiation",4.67231205004131,1,0.005,0.0494339487185573,0.0494339487185573,"MEDAG, WDFY2","LPL, LRP5, PPARG, ZBTB16, LMO3",NA,NA,NA,NA,NA,NA,NA,0.0494339487185573,"A only"
"133","GO:0045668","negative regulation of osteoblast differentiation",3.15274551704915,3,0.00632911392405063,0.0323306389778462,0.0323306389778462,"LIMD1, HDAC7","LRP5, PPARG, TWIST1, CRIM1",NA,NA,NA,NA,NA,NA,NA,0.0323306389778462,"A only"
"134","GO:0045725","positive regulation of glycogen biosynthetic process",7.59892509237487,10,0.00603812018041612,0.000784722901295177,0.00595962006655212,"","AKT2, INSR, IRS2, SORBS1",NA,NA,NA,NA,NA,NA,NA,0.000784722901295177,"A only"
"135","GO:0045747","positive regulation of Notch signaling pathway",6.40279799450105,1,0.0050251256281407,0.0363719248934844,0.0363719248934844,"JAG1, IL6ST, ROBO1, AAK1, EPN2, ZMIZ1","ITGB1BP1",NA,NA,NA,NA,NA,NA,NA,0.0363719248934844,"A only"
"136","GO:0045821","positive regulation of glycolytic process",7.05614472863381,10,0.0053619688344546,0.00189230356756756,0.0291856370188068,"APP, SLC4A4","INSR, MLXIPL",8.3984258984259,9,0.00854700854700855,0.00189230356756756,0.0150121253991527,"APP, PSEN1, SLC4A4","INSR, MLXIPL",4.84839214094058e-05,"common"
"137","GO:0046326","positive regulation of glucose import",6.17412663755459,10,0.0107239376689092,0.000367104108002296,0.00233139893120698,"RHOQ","AKT2, INSR, IRS2, ADIPOQ, SORBS1",3.91926541926542,6,0.0161227661227661,0.00928524459325818,0.015996963784258,"","INSR, IRS2, ADIPOQ, SORBS1",4.632082499721e-05,"common"
"138","GO:0046328","regulation of JNK cascade",7.05614472863381,2,0.0051863596055142,0.00262370826473266,0.009752712059255,"EGFR, IGF1R, PHLPP1","MDFIC",NA,NA,NA,NA,NA,NA,NA,0.00262370826473266,"A only"
"139","GO:0046718","symbiont entry into host cell",2.74405628335759,1,0.0053475935828877,0.00687577177997165,0.00687577177997165,"AXL","INSR, NRP1",3.48379148379148,8,0.00687429854096521,0.0118526415226585,0.0254184964865851,"AXL, ITGAV","INSR, NRP1",0.000848777851601,"common"
"140","GO:0046777","protein autophosphorylation",2.50544269350041,10,0.0584810126582278,1.16829550444399e-08,0.000391317882698772,"EGFR, FER, FGFR1, GRK5, IGF1R, DDR2, PDGFRA, PDGFRB, PTK2, EEF2K","INSR, NTRK2, SIK2, DAPK2",1.70402844315888,10,0.0216729147141518,5.57552786770627e-05,0.00286797126344665,"ABL1, FER, FGFR1, GRK5, IGF1R, PTK2","INSR, NTRK2, SIK2, DAPK2",1.89290764289649e-11,"common"
"141","GO:0046889","positive regulation of lipid biosynthetic process",NA,NA,NA,NA,NA,NA,NA,5.42667519590597,1,0.00578034682080925,0.00989503166509195,0.00989503166509195,"","PCK1, SORBS1, MLXIPL",0.00989503166509195,"B only"
"142","GO:0048008","platelet-derived growth factor receptor signaling pathway",11.3983876385623,10,0.0166852057842047,0.000581284280464945,0.00132310006195363,"FER, PDGFRA, PDGFRB, PTPRJ","NRP1, PDGFC",NA,NA,NA,NA,NA,NA,NA,0.000581284280464945,"A only"
"143","GO:0048010","vascular endothelial growth factor receptor signaling pathway",5.6128423977769,2,0.00517379679144385,0.000207160579734697,0.0309283250566337,"AXL, FYN, PTK2, SULF1","NRP1",5.34445284445284,8,0.00982753637151941,0.00707564485152783,0.0494177702488497,"AXL, FYN, PTK2, SULF1","NRP1",2.11559804057106e-05,"common"
"144","GO:0048013","ephrin receptor signaling pathway",NA,NA,NA,NA,NA,NA,NA,4.44889588132831,6,0.00806138306138306,0.035293794227641,0.0494339487185573,"FYN, MMP2, PTK2","EFNA5, ARHGEF7, SIPA1L1, ARHGEF28",0.035293794227641,"B only"
"145","GO:0048143","astrocyte activation",NA,NA,NA,NA,NA,NA,NA,7.83853083853084,8,0.0100783026016671,0.000438426898090369,0.000979465778994776,"APP, PSEN1","MAPT",0.000438426898090369,"B only"
"146","GO:0048146","positive regulation of fibroblast proliferation",3.40641469658184,10,0.00607869142351901,0.00735992274225214,0.00735992274225214,"FN1, DDR2, PDGFRA","PDGFC",NA,NA,NA,NA,NA,NA,NA,0.00735992274225214,"A only"
"147","GO:0048660","regulation of smooth muscle cell proliferation",NA,NA,NA,NA,NA,NA,NA,13.4374814374814,10,0.00806138306138306,0.000162660649557719,0.00472669415523437,"CTNNB1, ELN, NR4A3","TCF7L2",0.000162660649557719,"B only"
"148","GO:0048663","neuron fate commitment",NA,NA,NA,NA,NA,NA,NA,3.91926541926542,2,0.0077593169493481,0.0424888832371448,0.0424888832371448,"TGFBR1","",0.0424888832371448,"B only"
"149","GO:0048844","artery morphogenesis",3.79946254618744,2,0.00591180970927806,0.000581284280464945,0.000581284280464945,"TGFBR2","NRP1",3.61778346393731,2,0.00544119381856789,0.00103066608649607,0.00132310006195363,"TGFBR1","NRP1",9.18305053045855e-06,"common"
"150","GO:0048870","cell motility",NA,NA,NA,NA,NA,NA,NA,10.4513744513745,10,0.0176525561593576,0.00256539281906405,0.0173361268766855,"ACTB, DST, CD34, PTK2, TGFBR1, IER2, ELMO1","ENPP2",0.00256539281906405,"B only"
"151","GO:0050673","epithelial cell proliferation",9.87860262008734,1,0.0050251256281407,0.0473461424323687,0.0473461424323687,"","FGF10, YAP1",NA,NA,NA,NA,NA,NA,NA,0.0473461424323687,"A only"
"152","GO:0050679","positive regulation of epithelial cell proliferation",2.6698926000236,1,0.00574712643678161,0.024121926120891,0.024121926120891,"EGFR","FGF10, LAMB1, YAP1",NA,NA,NA,NA,NA,NA,NA,0.0241219261208909,"A only"
"153","GO:0050730","regulation of peptidyl-tyrosine phosphorylation",6.17412663755459,10,0.0139479448524675,0.0014301671849185,0.00809748181170642,"APP, EGFR, FYN","",NA,NA,NA,NA,NA,NA,NA,0.0014301671849185,"A only"
"154","GO:0050808","synapse organization",NA,NA,NA,NA,NA,NA,NA,3.7624948024948,8,0.0110900647684223,0.00626316950856865,0.0241247717743818,"APP, PSEN1","APBB2, MAPT",0.00626316950856865,"B only"
"155","GO:0050847","progesterone receptor signaling pathway",8.23216885007278,10,0.0054354247902635,0.00147708056375567,0.00680587743619122,"NEDD4, MAPK1, TRERF1","",NA,NA,NA,NA,NA,NA,NA,0.00147708056375567,"A only"
"156","GO:0050850","positive regulation of calcium-mediated signaling",4.11608442503639,10,0.0160859065033638,0.00256539281906405,0.0029304192192061,"APP, PDGFRA, PDGFRB","",NA,NA,NA,NA,NA,NA,NA,0.00256539281906405,"A only"
"157","GO:0050872","white fat cell differentiation",9.87860262008734,2,0.00777237837539345,0.0438428992996086,0.0438428992996086,"CTBP2","PPARG",9.40623700623701,1,0.0103092783505155,0.0283417911357988,0.0283417911357988,"CTBP2","PPARG",0.00955618488963668,"common"
"158","GO:0051056","regulation of small GTPase mediated signal transduction",6.05306533093587,10,0.0610209601081812,5.46665662918232e-13,4.40740362023384e-09,"ABR, ARHGAP6, MYO9A, MYO9B, TRIO, ARHGAP29, ARHGEF10, AKAP13, SWAP70, DNMBP, SRGAP2, ARHGEF3, PLEKHG1, ARHGAP21, ARAP1, FGD5, SPATA13","RASGRF2, ITSN1, KALRN, FAM13A, NET1, DLC1, ARHGEF28, FGD4",4.61090049325343,10,0.0176525561593576,1.91359897071298e-07,0.0176161170288468,"ABR, MYO9A, MYO9B, TRIO, ARHGEF10, GNA13, AKAP13, SWAP70, DNMBP, SRGAP2, ARHGEF3, PLEKHG1, FGD5, SPATA13","RASGRF2, ITSN1, FAM13A, DLC1, ARHGEF28, FGD4",4.67648541425563e-18,"common"
"159","GO:0051091","positive regulation of DNA-binding transcription factor activity",2.27094313105456,10,0.00607869142351901,0.00989085758667204,0.0134669109448933,"DDR2, STK3, HDAC4","PPARG, PTEN, FZD4, HIPK2, ARID5B",2.16235333476713,10,0.0381952857291198,5.17898923606871e-06,0.000342200680640572,"HDAC4","ESR1, ESR2, PPARG, PTEN, FZD4, HIPK2, ARID5B",9.11135069077858e-07,"common"
"160","GO:0051209","release of sequestered calcium ion into cytosol",2.84959690964058,2,0.00518817204301075,0.0482736283943526,0.0482736283943526,"","FGF2, ITPR1, ITPR2",NA,NA,NA,NA,NA,NA,NA,0.0482736283943526,"A only"
"161","GO:0051216","cartilage development",5.3688057717866,7,0.0053475935828877,0.00357925337782876,0.0381604316266267,"CD44, SULF1","SOX5, ZBTB16, SOX6",5.11208532947663,6,0.00806138306138306,0.00914107161915865,0.012662899609192,"CD44, SULF1","SOX5, ZBTB16, SOX6",0.000370618115655604,"common"
"162","GO:0051298","centrosome duplication",NA,NA,NA,NA,NA,NA,NA,7.83853083853084,6,0.00687429854096521,0.000694408184270872,0.000793372450060442,"ARHGEF10, CEP152, NDE1","USP33",0.000694408184270872,"B only"
"163","GO:0051301","cell division",NA,NA,NA,NA,NA,NA,NA,5.22568722568723,4,0.00679992698064987,0.00223188648146256,0.004733679646807,"MAP4, TUBA1A, CLASP1","GNAI1",0.00223188648146256,"B only"
"164","GO:0051402","neuron apoptotic process",4.11608442503639,9,0.0053475935828877,0.0102760121882303,0.0176996316704671,"APP","BCL2, MAP3K5",NA,NA,NA,NA,NA,NA,NA,0.0102760121882303,"A only"
"165","GO:0051491","positive regulation of filopodium assembly",6.73541087733227,2,0.00501256281407035,0.0154632295849856,0.0258290674542855,"DPYSL3, PALM, RHOQ, ARAP1","NRP1, DOCK11",NA,NA,NA,NA,NA,NA,NA,0.0154632295849856,"A only"
"166","GO:0051493","regulation of cytoskeleton organization",3.89944840266605,7,0.01,0.0155772969438851,0.0181505461009868,"DIAPH1, MAPK1, PTK2","",3.71298829193566,2,0.00667805219828341,0.016831386819879,0.0181505461009868,"CAPN2, DIAPH1, PTK2","",0.002424303869106,"common"
"167","GO:0051496","positive regulation of stress fiber assembly",4.81883054638407,5,0.01,0.00667246714461385,0.0213266991788084,"LPAR1, PXN, S100A10, TPM1, ARHGEF10, LIMCH1","NRP1, ITGB1BP1",4.58840829572537,10,0.0105600445806631,0.000975235332735487,0.0287372587708971,"ABL1, LPAR1, PXN, S100A10, TGFBR1, TPM1, ARHGEF10","NRP1",8.4220402306247e-05,"common"
"168","GO:0051592","response to calcium ion",3.18664600647979,1,0.0050251256281407,0.0287461614328885,0.0287461614328885,"ANXA11, ITPR3, NEDD4","CAV1",NA,NA,NA,NA,NA,NA,NA,0.0287461614328885,"A only"
"169","GO:0051726","regulation of cell cycle",NA,NA,NA,NA,NA,NA,NA,1.13523550075274,2,0.00846077598414047,0.0478951744833202,0.0478951744833202,"ABL1, ACTB, GRK5, TGFBR1","MECOM, HIPK2, TXLNG",0.0478951744833202,"B only"
"170","GO:0051893","regulation of focal adhesion assembly",5.88012060719484,3,0.00537634408602151,0.000779380358899827,0.0009569138329684,"PTK2, PTPRA, LIMCH1, CORO1C","MACF1",NA,NA,NA,NA,NA,NA,NA,0.000779380358899827,"A only"
"171","GO:0051895","negative regulation of focal adhesion assembly",8.23216885007278,1,0.0053475935828877,0.0121735198776563,0.0121735198776563,"ARHGAP6, CORO1C","PTEN, ITGB1BP1, DLC1",NA,NA,NA,NA,NA,NA,NA,0.0121735198776563,"A only"
"172","GO:0051897","positive regulation of phosphatidylinositol 3-kinase/protein kinase B signal transduction",3.25457838258691,10,0.073402727925341,6.32186746407492e-09,3.18433178655217e-08,"DCN, EGFR, FGFR1, FN1, IGF1R, NEDD4, PDGFRA, PDGFRB, PTK2, PTPRJ","ANGPT1, AKR1C2, FGF2, INSR, ITGB1, NTRK2, ITGB1BP1",2.18749697819465,10,0.0243217269165373,5.351105983681e-06,0.00794165542484187,"DCN, FGFR1, FN1, IGF1R, NEDD4, PTK2, TGFBR1","ANGPT1, INSR, ITGB1, NTRK2, TCF7L2",1.08311805270528e-12,"common"
"173","GO:0051898","negative regulation of phosphatidylinositol 3-kinase/protein kinase B signal transduction",2.90547135884922,9,0.0053475935828877,0.0427888775175321,0.0484731108082079,"PTPRJ, PHLPP1","PIK3CB, PTEN, TWIST1, MAGI2",NA,NA,NA,NA,NA,NA,NA,0.0427888775175322,"A only"
"174","GO:0051973","positive regulation of telomerase activity",2.24513695911076,8,0.00789868884653151,0.000300350862861441,0.0386635282408174,"MAPK1, KLF4","HSP90AA1",NA,NA,NA,NA,NA,NA,NA,0.000300350862861441,"A only"
"175","GO:0060070","canonical Wnt signaling pathway",NA,NA,NA,NA,NA,NA,NA,3.06725119768598,7,0.00602409638554217,0.00404004991034705,0.0455108736493106,"CTNNB1","CAV1, LRP5, PTEN, TCF7L2, FZD4",0.00404004991034705,"B only"
"176","GO:0060213","positive regulation of nuclear-transcribed mRNA poly(A) tail shortening",NA,NA,NA,NA,NA,NA,NA,4.27556227556228,5,0.0102040816326531,0.000676461261624748,0.000962749261907381,"AGO2","ZFP36",0.000676461261624748,"B only"
"177","GO:0060336","negative regulation of type II interferon-mediated signaling pathway",9.87860262008734,3,0.00632911392405063,0.0256448412830419,0.0256448412830419,"PARP14","PPARG",NA,NA,NA,NA,NA,NA,NA,0.0256448412830419,"A only"
"178","GO:0060391","positive regulation of SMAD protein signal transduction",NA,NA,NA,NA,NA,NA,NA,1.38327014797603,2,0.00544119381856789,0.0212516282805829,0.027243469527694,"TGFBR1, TGFBR3","",0.0212516282805829,"B only"
"179","GO:0060395","SMAD protein signal transduction",5.88012060719484,10,0.0106107514776245,4.43984431721079e-05,0.00611544671893969,"SMAD3, ZMIZ1","MAGI2, RBPMS, HIPK2",4.47916047916048,7,0.00617283950617284,0.000228758807927164,0.0267453803293184,"FOS","MAGI2, RBPMS, HIPK2",1.97089068665509e-07,"common"
"180","GO:0060396","growth hormone receptor signaling pathway",9.26118995633188,9,0.0054945054945055,0.000365300459091026,0.000405822064114115,"PTK2, PXN","GHR",8.81834719334719,8,0.00894640146976595,0.000260058570977226,0.000712976931277989,"PTK2, PXN","GHR",1.631084113612e-06,"common"
"181","GO:0060412","ventricular septum morphogenesis",NA,NA,NA,NA,NA,NA,NA,3.24353000215069,2,0.00544119381856789,0.0130221067794762,0.0166991864039921,"ROBO2, TGFBR1, TGFBR3, ZFPM2","",0.0130221067794762,"B only"
"182","GO:0060612","adipose tissue development",11.3983876385623,10,0.0054354247902635,0.00342385489212316,0.0240487067548586,"VPS13B, SH3PXD2B","LRP5, NAMPT, PGRMC2, ARID5B",9.04445865984328,1,0.00617283950617284,0.0260824485519339,0.0260824485519339,"VPS13B, SH3PXD2B","LRP5, NAMPT, ARID5B",0.000921912846523574,"common"
"183","GO:0061036","positive regulation of cartilage development",6.17412663755459,7,0.0053475935828877,0.000447393938477277,0.00481008772359761,"","SOX5, ZBTB16, SOX6",5.87889812889813,10,0.0060984679458575,0.00114552211758939,0.00762343599893965,"","SOX5, ZBTB16, SOX6",7.93552708374093e-06,"common"
"184","GO:0061298","retina vasculature development in camera-type eye",9.87860262008734,10,0.0175581870151082,0.0256448412830419,0.0372393272854763,"PDGFRA, PDGFRB","",NA,NA,NA,NA,NA,NA,NA,0.0256448412830419,"A only"
"185","GO:0061549","sympathetic ganglion development",NA,NA,NA,NA,NA,NA,NA,7.83853083853084,1,0.00510204081632653,0.0392889646967772,0.0392889646967772,"CTNNB1","NRP1, SEMA3A",0.0392889646967772,"B only"
"186","GO:0070301","cellular response to hydrogen peroxide",NA,NA,NA,NA,NA,NA,NA,2.68749628749629,9,0.00617283950617284,0.0374367828099453,0.0462976974284301,"ABL1, FYN, SETX","PRKCD",0.0374367828099453,"B only"
"187","GO:0070374","positive regulation of ERK1 and ERK2 cascade",2.86336307828618,6,0.0100502512562814,0.00161213869458035,0.0175185618115765,"APP, CD44, EGFR, PDGFRA, PDGFRB, PRKCA, RAP1A, ACKR3, GLIPR2","ADRA1A, ANGPT1, CD36, FGF2, NRP1, RAPGEF2, BMPER",NA,NA,NA,NA,NA,NA,NA,0.00161213869458035,"A only"
"188","GO:0070508","cholesterol import",NA,NA,NA,NA,NA,NA,NA,7.83853083853084,1,0.00854700854700855,0.0424888832371448,0.0424888832371448,"","CD36, LDLR",0.0424888832371448,"B only"
"189","GO:0070542","response to fatty acid",NA,NA,NA,NA,NA,NA,NA,7.83853083853084,1,0.00854700854700855,0.0424888832371448,0.0424888832371448,"","CD36, FOXO3",0.0424888832371448,"B only"
"190","GO:0070555","response to interleukin-1",3.08706331877729,7,0.00641025641025641,0.00928524459325818,0.0435541405149702,"APP, PRKCA, HDAC4","",3.91926541926542,10,0.00894640146976595,0.000691468765002179,0.0298763537558342,"APP, PRKCA, HDAC4","IRAK2",8.31835727412649e-05,"common"
"191","GO:0070836","caveola assembly",14.817903930131,10,0.0200502512562814,0.00744973853765162,0.0118865701798894,"PACSIN2","CAV1, CAV2",9.40623700623701,3,0.00602409638554217,0.0372393272854763,0.0473461424323687,"PACSIN2","CAV1",0.00254951031464417,"common"
"192","GO:0071276","cellular response to cadmium ion",2.46965065502183,1,0.0050251256281407,0.0081730825715395,0.0081730825715395,"EGFR, MAPK1","",2.35155925155925,6,0.00806138306138306,0.00904366965417444,0.00997359691679417,"FOS, MAPK9","",0.00077703519731006,"common"
"193","GO:0071385","cellular response to glucocorticoid stimulus",NA,NA,NA,NA,NA,NA,NA,5.87889812889813,5,0.00598802395209581,0.0220914620605511,0.0271316837298283,"","ANXA1, NR3C1, ZFP36",0.0220914620605511,"B only"
"194","GO:0071392","cellular response to estradiol stimulus",4.11608442503639,8,0.00530537573881227,0.0113377274343427,0.0139033466797667,"EGFR, NCOA3","NRIP1",NA,NA,NA,NA,NA,NA,NA,0.0113377274343427,"A only"
"195","GO:0071560","cellular response to transforming growth factor beta stimulus",4.49027391822152,10,0.0214478753378184,0.000112670283853987,0.000189637876550948,"ZFP36L2, SMAD3, WWOX","LIMS1, SOX5, SOX6",4.27556227556228,10,0.0145711049325507,0.014782624059844,0.0248585830104553,"TGFBR1","NR3C1, LIMS1, PDE3A, SOX5, SOX6",2.38264499220341e-05,"common"
"196","GO:0072015","podocyte development",NA,NA,NA,NA,NA,NA,NA,15.6770616770617,2,0.00569671467875061,0.0304202748501347,0.0468754864107682,"JAG1, MYO1E, IQGAP1","MAGI2",0.0304202748501347,"B only"
"197","GO:0072584","caveolin-mediated endocytosis",14.817903930131,10,0.0186206896551724,6.54012163722158e-05,0.0172217984155411,"MAPK1, PACSIN2","CAV1",9.40623700623701,3,0.00602409638554217,0.0372393272854763,0.0473461424323687,"PACSIN2","CAV1",3.39151757060721e-05,"common"
"198","GO:0072655","establishment of protein localization to mitochondrion",NA,NA,NA,NA,NA,NA,NA,9.40623700623701,1,0.00578034682080925,0.0473461424323687,0.0473461424323687,"RALA","HK2",0.0473461424323687,"B only"
"199","GO:0072659","protein localization to plasma membrane",3.20139899725053,1,0.0050251256281407,0.0379117371980265,0.0379117371980265,"RAP1A, S100A10, KCNB2, EPB41L3, DENND4C, PACS1, TTC7A","ATP1B3, SPTBN1, STXBP1, ITGB1BP1, ADIPOQ, RAPGEF2, TSPAN15",NA,NA,NA,NA,NA,NA,NA,0.0379117371980265,"A only"
"200","GO:0090110","COPII-coated vesicle cargo loading",3.52807236431691,10,0.00556173526140156,0.000739399342770829,0.00114740669223752,"SEC24D","MIA3",NA,NA,NA,NA,NA,NA,NA,0.000739399342770829,"A only"
"201","GO:0090162","establishment of epithelial cell polarity",NA,NA,NA,NA,NA,NA,NA,7.83853083853084,1,0.00540540540540541,0.0138773112736006,0.0138773112736006,"CYTH1, SIPA1L3","",0.0138773112736006,"B only"
"202","GO:0090303","positive regulation of wound healing",3.79946254618744,1,0.0050251256281407,0.01465817646398,0.01465817646398,"PRKCE, PTK2","ANXA1, ITGB1",4.52222932992164,1,0.00510204081632653,0.0332856752649889,0.0332856752649889,"ACTG1, PTK2","ANXA1, ITGB1, MYLK",0.00420838838323182,"common"
"203","GO:0090398","cellular senescence",1.26648751539581,1,0.0053475935828877,0.0414489660104774,0.0414489660104774,"","MAP3K5, MAPK10",2.41185564262487,4,0.00600606016881899,0.000783202383942747,0.0226321890051427,"MAPK9, SMC5","PRKCD, MAPK10",0.000367980667250179,"common"
"204","GO:0097062","dendritic spine maintenance",9.26118995633188,10,0.00636968516715352,0.000154136934891438,0.00497790617451197,"FYN, IGF1R","INSR",8.81834719334719,10,0.0138259007306626,0.000260058570977226,0.00233265255461159,"FYN, IGF1R","INSR",7.22817003386504e-07,"common"
"205","GO:0097242","amyloid-beta clearance",5.69919381928116,6,0.0054354247902635,0.000581284280464945,0.000581284280464945,"IGF1R","INSR, MME",7.23556692787462,10,0.00982753637151941,0.000902132033426774,0.0209365095083081,"IGF1R","INSR, LDLR, MME",8.10768436535605e-06,"common"
"206","GO:0097435","supramolecular fiber organization",7.59892509237487,7,0.0053475935828877,0.00191770910345356,0.0038289024691978,"COL3A1, COL5A1, CST3, BASP1","",9.04445865984328,6,0.00588418538645253,0.00167759687603666,0.00314168600452758,"COL3A1, COL5A1, CST3, BASP1","MAPT",4.39044022444356e-05,"common"
"207","GO:0097494","regulation of vesicle size",8.23216885007278,1,0.00632911392405063,0.0384468569224745,0.0384468569224745,"DNM1","PICALM",NA,NA,NA,NA,NA,NA,NA,0.0384468569224745,"A only"
"208","GO:0099560","synaptic membrane adhesion",9.26118995633188,1,0.0100502512562814,0.000133140344926975,0.000133140344926975,"PTPRD","PTPRF, PTPRS",8.81834719334719,5,0.0151515151515152,0.000133140344926975,0.000202512773899966,"PTPRD","PTPRF, PTPRS",3.3411005704729e-07,"common"
"209","GO:0120041","positive regulation of macrophage proliferation",9.87860262008734,10,0.0054354247902635,0.0372393272854763,0.0438428992996086,"MAPK1, PTK2","",NA,NA,NA,NA,NA,NA,NA,0.0372393272854763,"A only"
"210","GO:0120162","positive regulation of cold-induced thermogenesis",3.52807236431691,4,0.0051863596055142,0.0395796682476132,0.0480509150481092,"DYNC1H1, GRB10, IGF1R, IL4R, EBF2","CAV1, CD36, DECR1, FABP4, ACSL1, HADH, ADIPOQ, PDGFC, ADIPOR2",3.59932538503967,10,0.012012120337638,0.00136890042922235,0.0375243404312219,"DYNC1H1, GRB10, IGF1R, IL4R, EBF2","ACADL, CAV1, CD36, ESRRG, FABP4, ACSL1, HADH, ADIPOQ, ADIPOR2, PPARGC1B",0.000586407044768441,"common"
"211","GO:1900024","regulation of substrate adhesion-dependent cell spreading",12.3482532751092,6,0.0054210495386966,0.0223580918276434,0.024300840417853,"PTK2, CORO1C","",NA,NA,NA,NA,NA,NA,NA,0.0223580918276434,"A only"
"212","GO:1900026","positive regulation of substrate adhesion-dependent cell spreading",NA,NA,NA,NA,NA,NA,NA,7.05467775467775,8,0.0115782449115782,7.56100715423898e-05,0.012662899609192,"ABL1, DOCK1, NEDD9, S100A10, TRIOBP, MYADM","LIMS1, RREB1, NRP1",7.56100715423898e-05,"B only"
"213","GO:1900153","positive regulation of nuclear-transcribed mRNA catabolic process, deadenylation-dependent decay",NA,NA,NA,NA,NA,NA,NA,3.13541233541234,3,0.00598802395209581,0.0026460636798492,0.0026460636798492,"AGO2","ZFP36",0.0026460636798492,"B only"
"214","GO:1901016","regulation of potassium ion transmembrane transporter activity",12.3482532751092,10,0.032612548741581,5.51183310630154e-05,0.00351297193364703,"NEDD4","FHL1, NEDD4L",11.7577962577963,9,0.0119760479041916,0.000380812348612533,0.00665413948016006,"NEDD4","FHL1, NEDD4L",3.92072244482374e-07,"common"
"215","GO:1901380","negative regulation of potassium ion transmembrane transport",10.5842170929507,10,0.0106107514776245,0.00529892185330202,0.0061309929229074,"BIN1","CAV1, NEDD4L",NA,NA,NA,NA,NA,NA,NA,0.00529892185330202,"A only"
"216","GO:1901888","regulation of cell junction assembly",19.7572052401747,10,0.0117054580100721,0.00474922759661018,0.018093717498993,"RAPGEF1, RAP1A, RAP1B","RAPGEF2",NA,NA,NA,NA,NA,NA,NA,0.00474922759661018,"A only"
"217","GO:1902894","negative regulation of miRNA transcription",5.3688057717866,10,0.0316122584943371,0.00037102597652185,0.00171336713444165,"SMAD3, NCOR2","NFIB, PPARG, TWIST1",3.06725119768598,9,0.023121387283237,7.56100715423899e-05,0.0409255100888295,"NCOR2","ESR1, PPARG",5.15876620956372e-07,"common"
"218","GO:1902895","positive regulation of miRNA transcription",3.52807236431691,10,0.0277368000491733,6.13982783734617e-05,0.000469020506548457,"EGFR, EGR1, SMAD3, KLF4","PPARG, TEAD1",3.91926541926542,10,0.0308960162912053,6.69225173157168e-09,4.12324971059566e-05,"EGR1, FOS, KLF4","FOXO3, NR3C1, PPARG, TEAD1",1.21297360488672e-11,"common"
"219","GO:1903059","regulation of protein lipidation",NA,NA,NA,NA,NA,NA,NA,4.7031185031185,2,0.00578912245578912,0.0283417911357988,0.031173212595523,"ATG101","",0.0283417911357988,"B only"
"220","GO:1903078","positive regulation of protein localization to plasma membrane",3.22128346307196,5,0.00574712643678161,0.0455108736493106,0.0481165238163588,"EGFR, PRKCE","ITGB1, PRKCH, SPTBN1, SORBS1",NA,NA,NA,NA,NA,NA,NA,0.0455108736493106,"A only"
"221","GO:1903829","positive regulation of protein localization",NA,NA,NA,NA,NA,NA,NA,9.40623700623701,2,0.00942814344876201,0.0438428992996086,0.0473461424323687,"NEDD9","MAPT",0.0438428992996086,"B only"
"222","GO:1904646","cellular response to amyloid-beta",3.79946254618744,1,0.0053475935828877,0.000186563341760427,0.000186563341760427,"APP, FYN, IGF1R, ABCC1","CACNA2D1, CD36",3.61778346393731,6,0.00608043172913432,0.00718706303929239,0.0465744822439037,"APP, FYN, IGF1R, ABCC1, PSEN1","CD36",1.94719995673351e-05,"common"
"223","GO:1904706","negative regulation of vascular associated smooth muscle cell proliferation",5.14510553129549,10,0.012157382847038,0.000217380067501283,0.000270337413583858,"PRKG1, TPM1","PPARG, PTEN, ADIPOQ",3.91926541926542,6,0.00982753637151941,0.0144589354606129,0.015996963784258,"TPM1","PPARG, PTEN, ADIPOQ",4.29669249404139e-05,"common"
"224","GO:1904778","positive regulation of protein localization to cell cortex",NA,NA,NA,NA,NA,NA,NA,14.1093555093555,4,0.00679992698064987,0.031173212595523,0.0341390698984277,"GPSM2","EPB41, GNAI1",0.031173212595523,"B only"
"225","GO:1905908","positive regulation of amyloid fibril formation",4.93930131004367,10,0.0053619688344546,0.0341390698984277,0.0372393272854763,"APP","",9.40623700623701,8,0.00894640146976595,0.031173212595523,0.0473461424323687,"APP, PSEN1","",0.00834938269014004,"common"
"226","GO:1990000","amyloid fibril formation",NA,NA,NA,NA,NA,NA,NA,4.7031185031185,10,0.0176525561593576,0.0164159063205806,0.0241247717743818,"APP, B2M, FUS","CD36, MAPT",0.0164159063205806,"B only"
"227","GO:1990535","neuron projection maintenance",NA,NA,NA,NA,NA,NA,NA,9.40623700623701,4,0.00571475089547379,0.000625825770078174,0.0282366239008895,"APP, PSEN1","ABCD2, INSR",0.000625825770078174,"B only"
"228","GO:2000134","negative regulation of G1/S transition of mitotic cell cycle",2.74405628335759,3,0.00632911392405063,0.0193087642179242,0.0253217682007908,"KLF4","FHL1, PTEN, JADE1",NA,NA,NA,NA,NA,NA,NA,0.0193087642179242,"A only"
"229","GO:2000406","positive regulation of T cell migration",NA,NA,NA,NA,NA,NA,NA,5.03905553905554,4,0.00846077598414047,0.00543573400544421,0.0305425619941894,"ABL1, ABL2, APP","",0.00543573400544421,"B only"
"230","GO:2000480","negative regulation of cAMP-dependent protein kinase activity",8.23216885007278,9,0.00537634408602151,5.51183310630154e-05,0.0467322597277531,"","PRKAR2A, PRKAR2B",NA,NA,NA,NA,NA,NA,NA,5.51183310630154e-05,"A only"
"231","GO:2000650","negative regulation of sodium ion transmembrane transporter activity",10.5842170929507,10,0.0106395019807583,0.0148689746129117,0.0411713074835114,"NEDD4, PRKCE","NEDD4L",NA,NA,NA,NA,NA,NA,NA,0.0148689746129117,"A only"
"232","GO:2000773","negative regulation of cellular senescence",3.70447598253275,4,0.0054210495386966,0.0109647728636315,0.0109647728636315,"AKT3","PTEN, TWIST1",NA,NA,NA,NA,NA,NA,NA,0.0109647728636315,"A only"
"233","GO:2000811","negative regulation of anoikis",9.26118995633188,10,0.025221041918453,1.80353125952536e-05,0.000644531389438754,"PTK2","BCL2, CAV1, ITGB1, PDK4, TLE1",10.2880717255717,10,0.0289887514690246,2.45162529329237e-05,0.0101053993068777,"ITGA5, PTK2","BCL2, CAV1, ITGB1, PDK4, TLE1",9.96596175688456e-09,"common"
