"","gene","p_val","p_val_adj","avg_log2FC","cluster"
"F13A1","F13A1",0,0,3.61883213991701,"3"
"RBPJ","RBPJ",0,0,3.42095088538215,"3"
"LGMN","LGMN",0,0,3.33747024707067,"3"
"MAMDC2","MAMDC2",0,0,3.02676225229298,"3"
"TTN","TTN",0,0,2.87983979083014,"3"
"MRC1","MRC1",0,0,2.84498969409874,"3"
"MTSS1","MTSS1",0,0,2.81348223645289,"3"
"IQGAP2","IQGAP2",0,0,2.77763222695021,"3"
"FRMD4B","FRMD4B",0,0,2.71856480225979,"3"
"RBM47","RBM47",0,0,2.70415384493707,"3"
"KCNMA1","KCNMA1",0,0,2.52321819940754,"3"
"SRGN","SRGN",0,0,2.52320854303621,"3"
"CD163L1","CD163L1",0,0,2.52145742635421,"3"
"HRH1","HRH1",0,0,2.51661883219165,"3"
"CTSB","CTSB",0,0,2.43626079444947,"3"
"CD83","CD83",0,0,2.36247509531674,"3"
"LYVE1","LYVE1",0,0,2.34807784459727,"3"
"FMN1","FMN1",0,0,2.31048830926544,"3"
"SCN9A","SCN9A",0,0,2.28288429246759,"3"
"COLEC12","COLEC12",0,0,2.23878539603796,"3"
"DOCK2","DOCK2",0,0,2.22515201588509,"3"
"SIGLEC1","SIGLEC1",0,0,2.20301184674429,"3"
"MYO5A","MYO5A",0,0,2.12239601461203,"3"
"ADAP2","ADAP2",0,0,2.04552915046032,"3"
"SLC9A91","SLC9A9",0,0,2.0404325939209,"3"
"WWP1","WWP1",0,0,2.03947225308966,"3"
"SYK","SYK",0,0,2.0311276925082,"3"
"PDE4D1","PDE4D",0,0,1.99219639805573,"3"
"RGL1","RGL1",0,0,1.98149294141271,"3"
"AP2A2","AP2A2",0,0,1.97670330374831,"3"
"CMKLR1","CMKLR1",0,0,1.9752834116262,"3"
"SPRED1","SPRED1",0,0,1.94756028615871,"3"
"CCDC141","CCDC141",0,0,1.94200716751,"3"
"CTSC","CTSC",0,0,1.93318551721427,"3"
"RYR1","RYR1",0,0,1.92078759798453,"3"
"TBXAS1","TBXAS1",0,0,1.915788624597,"3"
"FOXO3","FOXO3",0,0,1.90728120395317,"3"
"CD163","CD163",0,0,1.90085616967739,"3"
"FCGRT","FCGRT",0,0,1.89341232025971,"3"
"SELENOP","SELENOP",0,0,1.89102967983479,"3"
"TBC1D14","TBC1D14",0,0,1.8858112976791,"3"
"ME11","ME1",0,0,1.85543572495279,"3"
"VAV1","VAV1",0,0,1.85528003230621,"3"
"DIP2B","DIP2B",0,0,1.84401279500811,"3"
"LDLRAD4","LDLRAD4",0,0,1.8373565740298,"3"
"TGFBI","TGFBI",0,0,1.83482252521774,"3"
"MAN1A1","MAN1A1",0,0,1.83269659629978,"3"
"SH2B3","SH2B3",0,0,1.82563435202075,"3"
"HDAC9","HDAC9",0,0,1.82536677047811,"3"
"AL162414.1","AL162414.1",0,0,1.82354383674878,"3"
"MS4A4E","MS4A4E",0,0,1.82310728590811,"3"
"PDE4B","PDE4B",0,0,1.80019464016808,"3"
"PTPRJ","PTPRJ",0,0,1.78599908965483,"3"
"C20orf194","C20orf194",0,0,1.76891738496159,"3"
"CSF1R","CSF1R",0,0,1.76232729979002,"3"
"DNM11","DNM1",0,0,1.74708399210603,"3"
"ATG7","ATG7",0,0,1.73290724531192,"3"
"C5AR1","C5AR1",0,0,1.732743168491,"3"
"P2RY14","P2RY14",0,0,1.7253045894466,"3"
"RPH3AL","RPH3AL",0,0,1.72502193334881,"3"
"PDGFC1","PDGFC",0,0,1.71462786193621,"3"
"MS4A6A","MS4A6A",0,0,1.70656939832861,"3"
"SLCO2B1","SLCO2B1",0,0,1.69019788398487,"3"
"CYTH1","CYTH1",0,0,1.6830882537855,"3"
"ZEB2","ZEB2",0,0,1.68277308701172,"3"
"NPL","NPL",0,0,1.67882483472581,"3"
"ATP8B4","ATP8B4",0,0,1.67740906444572,"3"
"MAF","MAF",0,0,1.67519993710707,"3"
"RASGEF1B","RASGEF1B",0,0,1.66672451369751,"3"
"MFHAS1","MFHAS1",0,0,1.65560860832984,"3"
"PIK3AP1","PIK3AP1",0,0,1.64453923203777,"3"
"GFRA2","GFRA2",0,0,1.63813289890139,"3"
"FPR3","FPR3",0,0,1.63471226713179,"3"
"RUNX1","RUNX1",0,0,1.6321341374787,"3"
"STAB1","STAB1",0,0,1.61818755453951,"3"
"MYO1F","MYO1F",0,0,1.60089016362685,"3"
"CD74","CD74",0,0,1.58440519878367,"3"
"PIK3R5","PIK3R5",0,0,1.57694452654999,"3"
"MSR1","MSR1",0,0,1.57596450523853,"3"
"MGAT5","MGAT5",0,0,1.57397758879412,"3"
"SMAP2","SMAP2",0,0,1.52233997239424,"3"
"CTSZ","CTSZ",0,0,1.516213306006,"3"
"RIN3","RIN3",0,0,1.50831270195422,"3"
"TNS3","TNS3",0,0,1.50745008987986,"3"
"CYBB","CYBB",0,0,1.50707233978419,"3"
"SLC8A1","SLC8A1",0,0,1.4985295034131,"3"
"FYB1","FYB1",0,0,1.49445109994835,"3"
"LINC01374","LINC01374",0,0,1.49139171072154,"3"
"LYN","LYN",0,0,1.49003986213345,"3"
"SAMHD11","SAMHD1",0,0,1.48303212326452,"3"
"LCP2","LCP2",0,0,1.47434152720459,"3"
"BMP2K","BMP2K",0,0,1.46868408816375,"3"
"HCK","HCK",0,0,1.46607577421463,"3"
"FAM20A","FAM20A",0,0,1.46502237599837,"3"
"INPP5D","INPP5D",0,0,1.45776887148863,"3"
"NAV21","NAV2",0,0,1.45561388429726,"3"
"DAB2","DAB2",0,0,1.45245405866375,"3"
"RCN3","RCN3",0,0,1.44885028768851,"3"
"EPB41L1","EPB41L1",0,0,1.44399684230864,"3"
"RAPH1","RAPH1",0,0,1.43913183492324,"3"
"MS4A4A","MS4A4A",0,0,1.43375075636821,"3"
"TET3","TET3",0,0,1.43028430029503,"3"
"AOAH","AOAH",0,0,1.42209957697066,"3"
"DISC1","DISC1",0,0,1.42079860195156,"3"
"PTPRC","PTPRC",0,0,1.41481101184034,"3"
"SNX6","SNX6",0,0,1.40970026993488,"3"
"NCKAP1L","NCKAP1L",0,0,1.40676990351336,"3"
"C22orf34","C22orf34",0,0,1.40627781757164,"3"
"BCAT1","BCAT1",0,0,1.39840241606321,"3"
"SNX29","SNX29",0,0,1.39280075701756,"3"
"PLEK","PLEK",0,0,1.38800287950651,"3"
"SPI1","SPI1",0,0,1.38624768414972,"3"
"CAMK1D1","CAMK1D",0,0,1.38289051591076,"3"
"CD86","CD86",0,0,1.36216195757875,"3"
"THEMIS2","THEMIS2",0,0,1.36145447173488,"3"
"TNFRSF1B","TNFRSF1B",0,0,1.36042322385288,"3"
"ARID3A","ARID3A",0,0,1.35898813405563,"3"
"IL10RA","IL10RA",0,0,1.35303785388589,"3"
"RCSD1","RCSD1",0,0,1.35073232855731,"3"
"ZNF710","ZNF710",0,0,1.33979540536074,"3"
"PLEKHG5","PLEKHG5",0,0,1.33843449555932,"3"
"CYTH4","CYTH4",0,0,1.33099120429898,"3"
"AL035446.2","AL035446.2",0,0,1.32344307162918,"3"
"KCNQ1","KCNQ1",0,0,1.32147839815482,"3"
"PIGX","PIGX",0,0,1.29973503542077,"3"
"PLXND1","PLXND1",0,0,1.28469936287576,"3"
"ITSN11","ITSN1",0,0,1.27823867497543,"3"
"ARHGAP22","ARHGAP22",0,0,1.27118568070957,"3"
"GRAMD1B","GRAMD1B",0,0,1.26666087605505,"3"
"ZSWIM6","ZSWIM6",0,0,1.25497266700605,"3"
"KHDRBS2","KHDRBS2",0,0,1.25282965429086,"3"
"SLC2A9","SLC2A9",0,0,1.24257910109675,"3"
"TTYH3","TTYH3",0,0,1.2364022123011,"3"
"GAS71","GAS7",0,0,1.21998571988878,"3"
"CD4","CD4",0,0,1.20593583526078,"3"
"LILRB5","LILRB5",0,0,1.20444660384095,"3"
"OSBPL3","OSBPL3",0,0,1.20184429255223,"3"
"ZFHX3","ZFHX3",0,0,1.19571996427697,"3"
"TLR4","TLR4",0,0,1.17865891936104,"3"
"WDFY4","WDFY4",0,0,1.16642593431332,"3"
"FNBP11","FNBP1",0,0,1.16452250256099,"3"
"TRIM14","TRIM14",0,0,1.16444112260267,"3"
"MERTK","MERTK",0,0,1.1592825550976,"3"
"ADCY7","ADCY7",0,0,1.14939970949157,"3"
"SAMSN1","SAMSN1",0,0,1.12889403508176,"3"
"FGD2","FGD2",0,0,1.11499694344069,"3"
"IKZF1","IKZF1",0,0,1.1097684880339,"3"
"PREX1","PREX1",0,0,1.10603365257859,"3"
"CTSS","CTSS",0,0,1.09935597978246,"3"
"KYNU","KYNU",0,0,1.07199224572787,"3"
"ARHGAP30","ARHGAP30",0,0,1.06080559636397,"3"
"ELMO1","ELMO1",0,0,1.0519015252447,"3"
"PLEKHO1","PLEKHO1",0,0,1.03506235048337,"3"
"FLI1","FLI1",0,0,0.952185195771058,"3"
"FGD3","FGD3",0,0,0.917871537205499,"3"
"ADGRE5","ADGRE5",1.35731039526342e-307,4.20182579061697e-303,1.474797067089,"3"
"TMEM106A","TMEM106A",3.07571321828557e-306,9.52148540984664e-302,0.948141804687439,"3"
"AC009226.1","AC009226.1",9.87170925776098e-304,3.05598503492507e-299,1.05136100859969,"3"
"RAB311","RAB31",5.30702445714905e-303,1.64289556119963e-298,1.54948128691079,"3"
"GRK31","GRK3",1.25110674759682e-302,3.87305115853547e-298,1.15946362160918,"3"
"NFKBID","NFKBID",1.25620096768933e-301,3.88882133567585e-297,1.42895507534148,"3"
"STK17B","STK17B",1.12690991283546e-295,3.48857501716474e-291,1.22787885318242,"3"
"MYO9B","MYO9B",1.85864761817504e-295,5.75381543158446e-291,1.21206452191582,"3"
"EMB1","EMB",1.03693595243001e-294,3.21004262793757e-290,1.24525727140358,"3"
"FCHSD2","FCHSD2",1.95612840276401e-294,6.05558669643656e-290,1.16704338042244,"3"
"STARD13","STARD13",5.87420262748979e-294,1.81847690739202e-289,1.21380700114872,"3"
"GNG2","GNG2",5.85967019855354e-293,1.81397810336622e-288,1.24453984709812,"3"
"ABCA11","ABCA1",1.48607396690723e-290,4.6004391793547e-286,1.17732731447581,"3"
"TNFAIP2","TNFAIP2",7.50783845985674e-288,2.32420155201785e-283,1.19734367232274,"3"
"PRKCB","PRKCB",1.02832335927055e-286,3.18338062329385e-282,1.1873883473912,"3"
"DTNA1","DTNA",7.35568529345325e-286,2.27709949629432e-281,1.2811311581026,"3"
"MANBA","MANBA",3.90174635846582e-285,1.20786362019026e-280,1.25150725067314,"3"
"EMILIN2","EMILIN2",4.20460941631784e-285,1.30162093700951e-280,1.24939034282322,"3"
"DOCK8","DOCK8",2.58610845962507e-283,8.00581595846132e-279,1.17637518849333,"3"
"CSF2RA","CSF2RA",5.32312414683291e-283,1.64787954213507e-278,1.0464251294141,"3"
"RNASET2","RNASET2",2.5359286426862e-282,7.85047429916367e-278,1.05734579953015,"3"
"MIR646HG","MIR646HG",6.69144272734242e-277,2.07146992510339e-272,1.37675893883971,"3"
"MEF2C","MEF2C",1.61227117229213e-275,4.99110786806476e-271,1.13168657475792,"3"
"CIITA","CIITA",2.04974288848292e-273,6.34538905987656e-269,1.01120674571521,"3"
"CPVL","CPVL",4.58680353410358e-270,1.41993677005245e-265,1.00216378160739,"3"
"RNF135","RNF135",1.39594723697657e-267,4.32143386150835e-263,1.06986632774221,"3"
"DLEU2","DLEU2",4.65092458224056e-266,1.43978672292421e-261,1.01201086001572,"3"
"STON2","STON2",9.2305538980366e-262,2.85750257021519e-257,0.879419545243255,"3"
"TEC","TEC",4.5078777662686e-259,1.39550372010377e-254,0.957954733130872,"3"
"FGF13","FGF13",2.43466363198456e-256,7.53698820553461e-252,1.52097105441605,"3"
"AP1B1","AP1B1",3.34449885913962e-250,1.03535651182385e-245,1.07969586903023,"3"
"GSAP","GSAP",8.97508333520931e-249,2.77841654808075e-244,1.20043741018873,"3"
"SGMS1","SGMS1",2.05053773314663e-247,6.34784966050204e-243,1.20090437141423,"3"
"VAV3","VAV3",2.12397746802111e-247,6.57519704775294e-243,0.898520653870275,"3"
"PEAK1","PEAK1",4.70939808611548e-245,1.45788836551877e-240,1.07229125784745,"3"
"CAPZB","CAPZB",9.96085194068329e-245,3.08358093527733e-240,1.13380705615683,"3"
"ASAP1","ASAP1",2.95532709849152e-241,9.14880609880019e-237,0.935237585832756,"3"
"ARHGAP181","ARHGAP18",7.55887890424151e-241,2.34000214238604e-236,1.12852727201386,"3"
"CMTM7","CMTM7",5.21480675424972e-240,1.61434772691309e-235,1.00319812843855,"3"
"SCARB1","SCARB1",1.24028392594988e-237,3.83954694956304e-233,1.08657088898329,"3"
"ARHGAP26","ARHGAP26",1.44683714942316e-237,4.47897376346926e-233,1.09422384700691,"3"
"PLCL2","PLCL2",1.48411642050396e-237,4.5943792029541e-233,1.10538058913314,"3"
"EDA","EDA",8.94059074400113e-234,2.76773867662043e-229,1.25350694764833,"3"
"B3GNT2","B3GNT2",1.42143488224479e-232,4.4003359649652e-228,1.09095298151829,"3"
"ARHGAP25","ARHGAP25",1.31338384659457e-229,4.06584237390281e-225,0.958191587171378,"3"
"CHST11","CHST11",6.05130440596263e-224,1.87330230495385e-219,1.09348198397931,"3"
"ITPR21","ITPR2",5.21763861848816e-222,1.61522438712538e-217,0.871495388135599,"3"
"PLEKHO2","PLEKHO2",7.57162439107049e-221,2.34394776274369e-216,1.0875451831246,"3"
"LINC02798","LINC02798",1.45947045056357e-216,4.51808267380966e-212,1.0753588148561,"3"
"MARCH11","MARCH1",2.43050880501468e-214,7.52412610768393e-210,0.948584076546725,"3"
"PIK3CD1","PIK3CD",2.8005457312304e-212,8.66964942016994e-208,1.10068508400308,"3"
"TPCN1","TPCN1",7.21866576275357e-212,2.23468236017562e-207,1.14050469917954,"3"
"MKNK1","MKNK1",8.3877594161794e-208,2.59659868246666e-203,1.05010778783657,"3"
"SLC43A2","SLC43A2",1.32958543354816e-206,4.11599762663505e-202,1.04407597707293,"3"
"RNF130","RNF130",2.53856827146093e-205,7.85864579796159e-201,1.00699040854898,"3"
"RNF213","RNF213",2.7190042719296e-205,8.41722152461246e-201,0.960473146940875,"3"
"GPR137B","GPR137B",5.5748139826663e-205,1.72579516461401e-200,0.915303003655879,"3"
"PARP8","PARP8",2.12857352277611e-203,6.58942505445801e-199,1.02213864465864,"3"
"MCTP1","MCTP1",3.75304678259737e-203,1.16183069248867e-198,0.698744628953333,"3"
"CPM1","CPM",7.41330075203158e-200,2.29493551380642e-195,1.2172019261301,"3"
"GRB2","GRB2",2.81684094238363e-199,8.72009450533699e-195,1.01967059821552,"3"
"PAG1","PAG1",3.54633024671121e-197,1.09783745447439e-192,0.850822416027606,"3"
"AKAP132","AKAP13",6.07890604160827e-197,1.88184694330067e-192,0.900493053518155,"3"
"ABR","ABR",8.8297514220514e-197,2.73342614772445e-192,1.01408722590929,"3"
"DMXL2","DMXL2",6.02393468984456e-194,1.86482946193518e-189,1.10845292444601,"3"
"FKBP5","FKBP5",1.4116736503063e-189,4.37011811925321e-185,1.13449670597652,"3"
"PARP14","PARP14",1.81428422552154e-189,5.61647967694702e-185,1.01930213259137,"3"
"TRPS11","TRPS1",5.37910397011877e-189,1.66520921602967e-184,0.766619329694001,"3"
"DENND1A","DENND1A",1.24752236857147e-188,3.86195499638671e-184,0.904598896176553,"3"
"RAB20","RAB20",7.4522941871732e-187,2.30700671152321e-182,1.08412837442326,"3"
"EVI5","EVI5",1.93395659600141e-186,5.98694943424156e-182,0.926769579440259,"3"
"BLVRB","BLVRB",6.39379309407729e-183,1.97932652813351e-178,1.0209941583327,"3"
"STK10","STK10",5.90850667136163e-182,1.82909641025342e-177,0.891176466737826,"3"
"TLE4","TLE4",2.23117623176672e-180,6.90705226068022e-176,0.999762606165706,"3"
"ARHGAP241","ARHGAP24",3.82441087033811e-180,1.18392287313057e-175,0.824807654081776,"3"
"TCF12","TCF12",8.48659894580672e-179,2.62719643565339e-174,0.695972181660616,"3"
"MVB12B","MVB12B",3.01409598875359e-178,9.3307369523845e-174,0.972585827847449,"3"
"ITGA9","ITGA9",3.61698586981298e-178,1.119710315718e-173,0.707302204142119,"3"
"PECAM1","PECAM1",6.58954800131825e-178,2.03992637476809e-173,0.584077339023808,"3"
"SLC49A4","SLC49A4",1.75739888322549e-177,5.44037972280116e-173,1.04433888001788,"3"
"FAM49B1","FAM49B",5.28385171736334e-175,1.63572197614417e-170,0.927968022326203,"3"
"COLGALT1","COLGALT1",8.01700091170022e-175,2.48182297223504e-170,0.882437615404155,"3"
"MGAT1","MGAT1",1.45900361615214e-173,4.51663749452219e-169,1.18517407535644,"3"
"CACNB4","CACNB4",8.42409499580783e-173,2.60784708785223e-168,1.10435448878205,"3"
"TAOK3","TAOK3",1.50681990821335e-172,4.66466238985608e-168,0.904498693894361,"3"
"TENT2","TENT2",1.43362347268218e-171,4.43806818438223e-167,0.83174895561199,"3"
"WLS","WLS",2.94305688740107e-171,9.11082120632749e-167,1.01189279499793,"3"
"DAPK11","DAPK1",7.35091694077114e-171,2.27562335735452e-166,0.542242295551022,"3"
"DSCAML11","DSCAML1",2.61010962032958e-170,8.08011635165428e-166,1.11043574053664,"3"
"DNAJC5","DNAJC5",3.82952466402295e-170,1.18550595024159e-165,0.961814062188589,"3"
"SNX2","SNX2",3.01634998819685e-168,9.337714658461e-164,0.99000968668229,"3"
"ARHGAP62","ARHGAP6",7.9487075258202e-168,2.46068138876816e-163,0.842890919941713,"3"
"NRP2","NRP2",9.44920473605277e-167,2.92519031013986e-162,0.838678826241607,"3"
"ANKRD44","ANKRD44",7.20704194658071e-163,2.23108397540299e-158,0.914562886258602,"3"
"TMCC1","TMCC1",1.17842201009302e-161,3.64804101664495e-157,0.783083016111981,"3"
"TBC1D22A1","TBC1D22A",3.46726020276426e-161,1.07335974096973e-156,0.75557572960587,"3"
"WIPF11","WIPF1",6.07817433618943e-161,1.88162042925416e-156,0.862259947263551,"3"
"ATM","ATM",6.57228177645436e-161,2.03458126953698e-156,0.878147354791536,"3"
"TPST2","TPST2",2.11032969271275e-158,6.53294762973086e-154,0.900168153226437,"3"
"ARHGAP15","ARHGAP15",4.613480790069e-158,1.42819524818166e-153,0.88650252230743,"3"
"WDFY3","WDFY3",2.90523713113222e-156,8.99374258684602e-152,0.797208208408654,"3"
"EPS15","EPS15",2.23324804011768e-152,6.91346595779229e-148,0.743019906732297,"3"
"AC020916.1","AC020916.1",2.2848157204698e-152,7.07310402585837e-148,1.36356819893046,"3"
"SLC40A1","SLC40A1",1.77479928101398e-150,5.49424613423496e-146,1.31121035888819,"3"
"GPR155","GPR155",4.51094339723553e-150,1.3964527474822e-145,0.819214446623373,"3"
"SNX8","SNX8",8.13747208378755e-148,2.51911723297811e-143,1.00667803429194,"3"
"FOXN3","FOXN3",1.11631946759948e-147,3.4557901758477e-143,0.561325203361671,"3"
"EHD4","EHD4",5.76834634138785e-146,1.78570697690344e-141,0.724689881667746,"3"
"IFI44L","IFI44L",5.49406051275282e-145,1.70079631293289e-140,0.916034399315236,"3"
"TNRC18","TNRC18",5.77638884933441e-144,1.78819669608845e-139,0.770257980440742,"3"
"TFRC1","TFRC",8.63131510110162e-143,2.67199621584803e-138,1.90634104955242,"3"
"CHID1","CHID1",1.22659441732361e-142,3.7971683377087e-138,0.821114011942273,"3"
"SLC38A6","SLC38A6",1.8428262229123e-142,5.70483713826959e-138,0.969475014148878,"3"
"IFI44","IFI44",7.50227467528842e-141,2.32247917122904e-136,0.87111494885983,"3"
"CDC42SE2","CDC42SE2",5.97879389171857e-140,1.85085522505932e-135,0.800111642090438,"3"
"SNX30","SNX30",1.42019138803968e-139,4.39648647995444e-135,0.801481971381536,"3"
"ATRN","ATRN",1.30000874690369e-138,4.02443707778974e-134,0.912905444648633,"3"
"PMP221","PMP22",1.59495452639215e-138,4.93750072735218e-134,1.01908925559638,"3"
"IL6R1","IL6R",1.90880083254595e-135,5.90907473731249e-131,0.835253288891645,"3"
"PEPD","PEPD",4.26584880043481e-135,1.3205788131506e-130,0.968890872701347,"3"
"PLEKHA21","PLEKHA2",6.37516222383058e-135,1.97355896963123e-130,0.822730496810576,"3"
"ANKS1A","ANKS1A",1.0607924046827e-134,3.28389504717624e-130,0.760952440427677,"3"
"PELI1","PELI1",9.42461439183449e-134,2.9175778772802e-129,0.976309589194301,"3"
"AUTS21","AUTS2",5.25238061703789e-133,1.62597946761642e-128,0.609494042617992,"3"
"SH3BGRL","SH3BGRL",4.59904158860218e-131,1.42372530458358e-126,0.918067327749678,"3"
"AFF3","AFF3",1.66353145513508e-130,5.14979432566165e-126,1.22834505273666,"3"
"ABCC5","ABCC5",4.71467287112113e-130,1.45952128071297e-125,0.904221608245985,"3"
"ACAP2","ACAP2",3.38656590392038e-128,1.04837920687663e-123,0.785164441376231,"3"
"IQGAP1","IQGAP1",1.21706601132852e-127,3.7676712512697e-123,0.741791407075211,"3"
"VOPP1","VOPP1",3.68034803597026e-126,1.13932534149531e-121,0.98498986492632,"3"
"TGFB1","TGFB1",4.08460374155793e-126,1.26447078027409e-121,0.94210986232219,"3"
"OSBPL11","OSBPL11",6.74278023469949e-125,2.08736247725592e-120,0.815754863562404,"3"
"LRRK1","LRRK1",7.5883504976505e-125,2.34912566355767e-120,0.800423560573585,"3"
"WDFY2","WDFY2",2.43592391441246e-124,7.54088966184665e-120,0.811510592904106,"3"
"MPPED2","MPPED2",1.38128942384503e-122,4.27605766939706e-118,0.864790472666501,"3"
"ARMC2","ARMC2",3.84048303028127e-122,1.18889833168417e-117,1.05639093175291,"3"
"INPP4A","INPP4A",1.0155653744175e-119,3.14388572958425e-115,0.836644469664541,"3"
"ABHD12","ABHD12",4.81085364616382e-119,1.48929596324293e-114,0.886719813410206,"3"
"PHTF2","PHTF2",7.65315698438975e-119,2.36918780765754e-114,0.835463152202531,"3"
"HSPBAP1","HSPBAP1",1.25265156376644e-117,3.87783344595176e-113,0.782655111296167,"3"
"CRYL1","CRYL1",1.50644697519125e-117,4.66350790109956e-113,0.7972912747712,"3"
"STX7","STX7",1.7026075309424e-117,5.27076213353839e-113,0.816535599221295,"3"
"JAK2","JAK2",3.63470327388003e-114,1.12519509249504e-109,0.818375104536401,"3"
"OSTF1","OSTF1",4.16447811362248e-114,1.28919748963411e-109,0.732203293637936,"3"
"LIMD1","LIMD1",2.04069210004641e-113,6.31737053411366e-109,0.862141879938915,"3"
"GCNT11","GCNT1",8.71110684666871e-111,2.69669734652323e-106,0.787284027744386,"3"
"HNMT1","HNMT",1.82598593270917e-110,5.65270465188777e-106,0.808594969458907,"3"
"SHTN11","SHTN1",2.13641827603245e-110,6.61371005711366e-106,0.822206636595427,"3"
"ABCC1","ABCC1",6.6941212103981e-110,2.07229910310294e-105,0.75274879257487,"3"
"CPNE8","CPNE8",5.83700949943168e-109,1.80696303073906e-104,0.670423138026018,"3"
"ZNRF2","ZNRF2",1.16796356851411e-108,3.61566481904914e-104,0.902460323115069,"3"
"GNA13","GNA13",2.44102353857692e-107,7.55667656837259e-103,0.907110065121575,"3"
"SRGAP21","SRGAP2",2.58829347667589e-107,8.01258011574556e-103,0.795949832575139,"3"
"LRMDA1","LRMDA",1.02421937010278e-106,3.17067590402718e-102,0.478806991150607,"3"
"SNX241","SNX24",9.25725435175177e-104,2.8657682296718e-99,0.822169503117057,"3"
"MITF","MITF",8.04506437467128e-103,2.49051057846699e-98,0.877790072667437,"3"
"MFSD1","MFSD1",1.40791206682713e-101,4.35847338527675e-97,0.784397762561102,"3"
"MOB3A","MOB3A",2.6091850370847e-101,8.07725411930311e-97,0.820818885958929,"3"
"ZCCHC2","ZCCHC2",1.01350288085205e-100,3.13750086825369e-96,0.799068311295331,"3"
"GNAQ","GNAQ",1.34349094662049e-100,4.15904492345306e-96,0.531107758667382,"3"
"NEK6","NEK6",1.74786655275176e-100,5.41087048735364e-96,0.714253803893578,"3"
"DOP1B","DOP1B",1.8623222040376e-100,5.76519084703918e-96,0.804838906013517,"3"
"QKI1","QKI",2.77125974890407e-100,8.57898880468232e-96,0.58707433111443,"3"
"SLC4A7","SLC4A7",2.82097222196394e-100,8.73288370753376e-96,0.774610123326808,"3"
"C9orf72","C9orf72",8.80211322357594e-98,2.7248701906224e-93,0.709350201258695,"3"
"AAK1","AAK1",2.01448155835961e-97,6.23623056021385e-93,0.657526919731356,"3"
"EPSTI12","EPSTI1",5.50856537052714e-96,1.70528658175409e-91,0.811648657813747,"3"
"CTTNBP2","CTTNBP2",7.73778695477975e-96,2.39538670759117e-91,0.818988450162585,"3"
"PIP4K2A","PIP4K2A",1.50768487439881e-94,4.66734006567638e-90,0.677660541030123,"3"
"MAP3K1","MAP3K1",4.55191487407218e-93,1.40913628756652e-88,0.711960567617135,"3"
"NR4A21","NR4A2",1.11169840973199e-92,3.44148476700732e-88,1.17945452148294,"3"
"USP36","USP36",2.06536328198824e-92,6.39374511205098e-88,1.12627122301579,"3"
"TNK2","TNK2",1.57427779407788e-91,4.87349176712688e-87,0.732699672352885,"3"
"FARP1","FARP1",4.77101184547202e-91,1.47696213700277e-86,0.758517595557084,"3"
"MGAT4A","MGAT4A",7.80942041642267e-91,2.41756227831197e-86,0.72970676394576,"3"
"ATP2B11","ATP2B1",2.67858648387904e-90,8.29210017814435e-86,0.843278565937597,"3"
"KDM2B","KDM2B",7.23724411898687e-89,2.24043366191476e-84,0.79054215253306,"3"
"AL356124.11","AL356124.1",8.68760963207219e-89,2.68942331380059e-84,0.700473572722971,"3"
"CHST15","CHST15",2.72099694256276e-88,8.42339023509154e-84,0.619114253028248,"3"
"IVNS1ABP","IVNS1ABP",3.22562085058869e-88,9.98555446716742e-84,0.673499345247238,"3"
"RREB11","RREB1",2.00709717594254e-86,6.21337072756532e-82,0.611900907470176,"3"
"PTPRE","PTPRE",1.69074558567477e-85,5.23404110957338e-81,0.449624305994402,"3"
"PSAP","PSAP",3.98614501311434e-85,1.23399091170981e-80,0.897107927396606,"3"
"SKAP2","SKAP2",1.25176431338129e-84,3.87508678493445e-80,0.674496803204912,"3"
"ZFP36L11","ZFP36L1",4.36180922782502e-84,1.35028528265779e-79,0.63403752913998,"3"
"NT5C2","NT5C2",8.94282630575261e-83,2.76843073947184e-78,0.6194213287311,"3"
"RNF13","RNF13",2.19154981992518e-82,6.78438077754239e-78,0.782823776842603,"3"
"TPK1","TPK1",2.41388095282374e-82,7.47265126565645e-78,0.743534958458183,"3"
"SAT11","SAT1",9.4062605038385e-82,2.91189606417328e-77,0.635554763088643,"3"
"AC087854.11","AC087854.1",2.26811081606679e-81,7.02139065329796e-77,0.750315507034035,"3"
"ARHGEF10L","ARHGEF10L",3.69312180383415e-81,1.14327971681294e-76,0.784807452896584,"3"
"ELL","ELL",4.92792132010171e-81,1.52553660306389e-76,0.907676401346835,"3"
"GNB1","GNB1",1.58732514887508e-80,4.91388246337258e-76,0.516912311672428,"3"
"PIAS1","PIAS1",1.59859666410429e-80,4.94877569306766e-76,0.570131343854241,"3"
"TANGO2","TANGO2",5.70337931416087e-80,1.76559513428478e-75,0.652530084799969,"3"
"JARID2","JARID2",1.25103564267501e-79,3.87283103902903e-75,0.667250033424616,"3"
"ABCA61","ABCA6",1.16718388787204e-78,3.61325116168547e-74,0.325007135152707,"3"
"ARRB1","ARRB1",1.1993467351953e-78,3.71281768814408e-74,0.677212942453628,"3"
"TRAK1","TRAK1",3.5696894934414e-78,1.10506877648466e-73,0.733796352169978,"3"
"MBP1","MBP",3.40496137713502e-77,1.05407389351969e-72,0.610122247692658,"3"
"GAS6","GAS6",3.53102264337492e-76,1.09309867970957e-71,0.658528709384598,"3"
"SFMBT2","SFMBT2",1.4004721687348e-75,4.33544169275233e-71,0.802653350937387,"3"
"CMIP","CMIP",6.69271466391975e-75,2.07186367850964e-70,0.538367112478159,"3"
"CCDC88A","CCDC88A",9.39136877267793e-75,2.90728603095791e-70,0.734702998126961,"3"
"RNASEH2B","RNASEH2B",1.15313507470536e-74,3.56976025076538e-70,0.706663825825901,"3"
"SPIDR1","SPIDR",2.54242466005264e-74,7.87058402012497e-70,0.50603434209913,"3"
"ANKRD12","ANKRD12",5.62762923019749e-74,1.74214518079224e-69,0.495501532588863,"3"
"NRP11","NRP1",9.80679928717462e-73,3.03589085533065e-68,0.397310688860268,"3"
"ST6GAL11","ST6GAL1",1.031548394456e-72,3.19336436471743e-68,0.45348378269083,"3"
"SERINC5","SERINC5",7.15621371655934e-72,2.21534908023527e-67,0.917643799924521,"3"
"RTN11","RTN1",7.512942430244e-72,2.32578158813064e-67,0.718859146119966,"3"
"RNF1501","RNF150",7.90179571599759e-72,2.44615889980137e-67,0.602119792194427,"3"
"CLTC","CLTC",1.58021387590304e-71,4.89186809563304e-67,0.694286422062014,"3"
"MAP3K14","MAP3K14",4.63833382554845e-71,1.43588900237503e-66,0.686599744899961,"3"
"NABP11","NABP1",4.58260652888743e-70,1.41863750314768e-65,0.734341422931937,"3"
"HECTD2","HECTD2",5.62907402971028e-70,1.74259244737741e-65,0.728546284065101,"3"
"STK4","STK4",5.65860878050184e-70,1.75173552017996e-65,0.663669021750285,"3"
"WASF2","WASF2",1.40897348333388e-69,4.36175921235668e-65,0.542615476713901,"3"
"RNF149","RNF149",5.66556573839033e-69,1.75388918563349e-64,0.738289864630211,"3"
"CALM2","CALM2",3.71101830331111e-68,1.14881993615602e-63,0.729250471028466,"3"
"SEPTIN9","SEPTIN9",6.88384525124922e-67,2.13103197442922e-62,0.603109393686736,"3"
"LRRFIP11","LRRFIP1",1.95222115018555e-66,6.04349101462941e-62,0.535070214075268,"3"
"ELF1","ELF1",6.24204330652139e-66,1.93234934639983e-61,0.564350250439968,"3"
"AGO4","AGO4",9.29231765942605e-65,2.87662277782852e-60,0.661095849675143,"3"
"HMGA1P41","HMGA1P4",9.89381147566478e-65,3.06282721852155e-60,0.683444190779904,"3"
"REL","REL",3.00423869708526e-63,9.30022173456685e-59,0.635713238046811,"3"
"BTG2","BTG2",7.21853915120077e-63,2.23464316503722e-58,0.824643796584251,"3"
"FOXP11","FOXP1",7.5590065885808e-63,2.34004166962696e-58,0.349128805100992,"3"
"TPM3","TPM3",1.4113753541445e-62,4.36919468382514e-58,0.657852599439069,"3"
"USP4","USP4",3.13744489247999e-62,9.7125881536503e-58,0.636650815723644,"3"
"EEF2K","EEF2K",5.33375236929485e-62,1.65116972096261e-57,0.605519950098226,"3"
"BACH1","BACH1",1.2066889756337e-61,3.73554706186925e-57,0.674566129734344,"3"
"FAM53B","FAM53B",2.9229497887378e-61,9.04857566099561e-57,0.621764562496572,"3"
"ARAP1","ARAP1",3.52902078392963e-61,1.0924789640811e-56,0.585344187476889,"3"
"MT-CO1","MT-CO1",4.16785176610397e-61,1.29024187123281e-56,0.498257232433899,"3"
"ADAMTSL4-AS12","ADAMTSL4-AS1",1.40479235690891e-60,4.34881569928293e-56,0.56902239579001,"3"
"VPS13C","VPS13C",2.46482518273839e-60,7.63035931820323e-56,0.534131260042496,"3"
"TIMP21","TIMP2",4.68921482505321e-60,1.45164023339172e-55,0.607019748469316,"3"
"CELF1","CELF1",6.18256989995027e-60,1.91393816392761e-55,0.419376875574131,"3"
"JDP2","JDP2",1.14737823955468e-59,3.55193881618941e-55,0.893049151711415,"3"
"PSD31","PSD3",1.62070194501655e-59,5.01720701118773e-55,0.68778174241273,"3"
"EPB41L3","EPB41L3",1.93835998044463e-59,6.00058099146244e-55,0.462193654888022,"3"
"SPTLC2","SPTLC2",3.61818233551689e-59,1.12008070560596e-54,0.554623401227754,"3"
"PPP3R11","PPP3R1",4.1731403754301e-59,1.2918790660219e-54,0.536825379735649,"3"
"NCOA3","NCOA3",4.68631740966528e-59,1.45074328051008e-54,0.56284429601211,"3"
"CREB1","CREB1",7.45852874914995e-59,2.30893674487435e-54,0.66498526609956,"3"
"AHNAK","AHNAK",1.89510880675404e-58,5.86668833306849e-54,0.650618862458173,"3"
"ARPC1B","ARPC1B",1.16325098596187e-57,3.60107607724217e-53,0.547351942066432,"3"
"MEF2A1","MEF2A",1.63702529416515e-57,5.06773920314706e-53,0.480842453624354,"3"
"ATXN11","ATXN1",1.81380504974442e-57,5.61499629249379e-53,0.451161885180271,"3"
"ACTR2","ACTR2",4.7869162813587e-57,1.48188567322021e-52,0.60622088328757,"3"
"SIPA1L3","SIPA1L3",5.00814982133252e-57,1.55037294018991e-52,0.598731544424336,"3"
"RESF1","RESF1",1.44029944334325e-56,4.4587349867577e-52,0.625315650181552,"3"
"SIPA1L1","SIPA1L1",2.06326997373901e-56,6.38726485770384e-52,0.743859522379496,"3"
"LINC002781","LINC00278",2.89736629721705e-56,8.96937684629481e-52,0.325785892752934,"3"
"SLC2A13","SLC2A13",1.45402141201997e-55,4.50121408519023e-51,0.527420845612509,"3"
"APPL2","APPL2",2.07046551888751e-55,6.40954010682006e-51,0.634074647514757,"3"
"DISP11","DISP1",2.58927071934515e-55,8.01560536587678e-51,0.56314287283428,"3"
"MT-CO2","MT-CO2",6.10155260761601e-55,1.88885764073969e-50,0.556573566142643,"3"
"NLRP1","NLRP1",6.81931497742775e-55,2.11105533756231e-50,0.559949281450036,"3"
"CBL","CBL",6.86265997289948e-55,2.12447364781049e-50,0.603039505534785,"3"
"MED13L","MED13L",2.92978593109777e-54,9.06973830689935e-50,0.330395303614859,"3"
"ITSN2","ITSN2",3.91765023434859e-54,1.21278698304729e-49,0.480538370258998,"3"
"CTBP2","CTBP2",4.51240183119142e-54,1.39690423488193e-49,0.523422906202067,"3"
"TBC1D9","TBC1D9",1.99631304284806e-53,6.17998628674474e-49,0.623354518267994,"3"
"MT-CO3","MT-CO3",2.23053633088272e-53,6.90507131951362e-49,0.485371828447944,"3"
"PID11","PID1",3.15850930116558e-53,9.7777972436183e-49,0.342071305602072,"3"
"FHIT1","FHIT",7.6655489102668e-53,2.37302397615129e-48,0.476632603271582,"3"
"DHRSX","DHRSX",7.73165644603101e-53,2.39348888599782e-48,0.581038994769973,"3"
"VPS8","VPS8",1.3363892816425e-51,4.13706029918067e-47,0.57323545879064,"3"
"ARPC2","ARPC2",1.76273061237584e-51,5.45688515673188e-47,0.551739476183243,"3"
"CCDC91","CCDC91",1.28292846442411e-50,3.97156164731771e-46,0.517610737126205,"3"
"C2CD5","C2CD5",1.88845298727585e-50,5.84608391270984e-46,0.645753038995127,"3"
"TBC1D5","TBC1D5",2.00574765538434e-50,6.20919301677331e-46,0.409444034788197,"3"
"LRRC8D","LRRC8D",2.6839080428509e-50,8.30857412825353e-46,0.608111838540852,"3"
"AGTPBP11","AGTPBP1",1.65876670726456e-49,5.13504409567891e-45,0.610034086724258,"3"
"TGFBR1","TGFBR1",2.06876095319358e-49,6.40426328280136e-45,0.559686403396073,"3"
"FKBP15","FKBP15",4.37199591395054e-49,1.35343877508167e-44,0.551147211711307,"3"
"DNM2","DNM2",1.87044499168902e-48,5.7903365607717e-44,0.572958625630585,"3"
"TET2","TET2",7.27463101582851e-48,2.25200752357003e-43,0.573082178818355,"3"
"APLP2","APLP2",9.44512982553403e-48,2.92392884009057e-43,0.552410876978218,"3"
"GIT2","GIT2",1.50602087429931e-47,4.66218882056836e-43,0.572256647674893,"3"
"SHMT11","SHMT1",3.5075129354024e-47,1.08582077941252e-42,0.598726798469283,"3"
"FTH1","FTH1",6.06414533625303e-47,1.87727747174385e-42,0.599438888698795,"3"
"NLK","NLK",4.34361513818676e-46,1.34465293832848e-41,0.541993627973451,"3"
"CARD8","CARD8",5.65475046135191e-46,1.75054110032071e-41,0.517616682613423,"3"
"TNFAIP81","TNFAIP8",8.30719409361771e-46,2.57165807556123e-41,0.541791212980932,"3"
"KDM7A1","KDM7A",1.81190726874396e-45,5.60912133185068e-41,0.551046276051869,"3"
"AC009093.2","AC009093.2",2.58670327058189e-45,8.00765731474037e-41,0.715536548035423,"3"
"RIN21","RIN2",4.6428688264043e-45,1.43729290258998e-40,0.450415386742303,"3"
"KLF2","KLF2",1.74299260850712e-44,5.3957822181555e-40,0.597321841187883,"3"
"WASHC4","WASHC4",2.19912460653368e-44,6.8078300444463e-40,0.58420493939061,"3"
"AC092691.11","AC092691.1",3.60372421093636e-44,1.11560490397957e-39,0.500608903082631,"3"
"SESN1","SESN1",3.79320067974565e-44,1.17426113442886e-39,0.590967332565965,"3"
"ETV6","ETV6",2.31806286935533e-43,7.17602722466329e-39,0.464225079807339,"3"
"AKAP10","AKAP10",3.95693467187794e-43,1.22494826637325e-38,0.546859117963996,"3"
"PAPSS21","PAPSS2",6.65926057962816e-43,2.06150729763549e-38,0.924769065885058,"3"
"PARVB","PARVB",7.69504090630542e-43,2.38215381336497e-38,0.570607950935693,"3"
"TENT5A1","TENT5A",6.98876654862959e-42,2.16351246045926e-37,0.549630357128462,"3"
"SPATS2L","SPATS2L",1.32326108376708e-41,4.09641933701774e-37,0.554872699548263,"3"
"COP1","COP1",4.79711077492733e-41,1.48504158259425e-36,0.409166021904658,"3"
"SH3PXD2A","SH3PXD2A",6.85199053842738e-41,2.12117071098096e-36,0.471733854019571,"3"
"WDR26","WDR26",3.01041791652658e-40,9.31935074419134e-36,0.522932152448597,"3"
"LIX1-AS1","LIX1-AS1",3.41487549474119e-40,1.05714300690703e-35,0.745337387983786,"3"
"ROCK1","ROCK1",3.82398384760983e-40,1.18379067970458e-35,0.456464255118448,"3"
"KLF61","KLF6",1.03744144105299e-39,3.21160746906773e-35,0.584462255719371,"3"
"CAB39","CAB39",5.63744679538859e-39,1.74518440444845e-34,0.570046623889116,"3"
"SUFU","SUFU",6.98292432610935e-39,2.16170388363367e-34,0.540297715041515,"3"
"SLC45A41","SLC45A4",1.16713186938837e-38,3.61309012806557e-34,0.516564741296889,"3"
"ARHGAP17","ARHGAP17",1.40934486375554e-38,4.36290889472802e-34,0.523889863639793,"3"
"ATP6V0A1","ATP6V0A1",2.04565557978828e-38,6.33273597835057e-34,0.554036733543847,"3"
"HERPUD1","HERPUD1",3.22061940993517e-38,9.97007150733631e-34,0.60577772964949,"3"
"CLIP2","CLIP2",8.30207836267049e-38,2.5700743987319e-33,0.50143662599051,"3"
"ZNF6091","ZNF609",1.89732201980242e-37,5.87353977670236e-33,0.370826463932664,"3"
"USP32","USP32",2.33808848137647e-37,7.23802051179713e-33,0.478846828842919,"3"
"ARPC3","ARPC3",3.21657890574825e-37,9.95756331852485e-33,0.502528676483419,"3"
"ANXA41","ANXA4",9.6261123584968e-37,2.97995560281985e-32,0.526245303547248,"3"
"DMXL1","DMXL1",1.88166502678373e-36,5.82507042341439e-32,0.470513819068973,"3"
"SNX13","SNX13",5.23579084646613e-36,1.62084377234052e-31,0.502984474228732,"3"
"CEP170","CEP170",1.24150927856648e-35,3.84334027365826e-31,0.517309147842009,"3"
"RAB11FIP1","RAB11FIP1",1.58665316345392e-35,4.9118021981043e-31,0.568689590573632,"3"
"MCL11","MCL1",2.56315661798703e-35,7.93476394230245e-31,0.531609901443943,"3"
"SRGAP2C1","SRGAP2C",1.08972769604373e-34,3.37347002864259e-30,0.475128710372289,"3"
"RELL1","RELL1",1.19887603401266e-34,3.711360538493e-30,0.506921744536677,"3"
"TBC1D12","TBC1D12",1.63392041643324e-34,5.05812743315239e-30,0.443599796254233,"3"
"SPIRE1","SPIRE1",2.43158084807657e-34,7.52744483139064e-30,0.558469147930819,"3"
"CCM2","CCM2",2.55516310115791e-34,7.91001841225455e-30,0.483547523359799,"3"
"SGK3","SGK3",4.26302384874495e-34,1.31970429285597e-29,0.447458164358268,"3"
"FOS2","FOS",4.64328467553103e-34,1.43742163700414e-29,0.329395102929725,"3"
"USP15","USP15",4.91116419241978e-34,1.52034909904739e-29,0.446486990067269,"3"
"TAB2","TAB2",5.06315142910296e-34,1.5673997879074e-29,0.509997463760862,"3"
"PHF20","PHF20",2.8203351887156e-33,8.73091164370688e-29,0.471295811501149,"3"
"VPS13B","VPS13B",8.11325967337751e-33,2.51162179708747e-28,0.303745566367029,"3"
"DUSP11","DUSP1",1.16576323875343e-32,3.60885325820898e-28,0.50473740930235,"3"
"CREM","CREM",1.41533431699734e-32,4.38145044512868e-28,0.570725383004643,"3"
"IFI161","IFI16",3.44267300463475e-32,1.06574828204478e-27,0.44758041897915,"3"
"ZFYVE16","ZFYVE16",5.70935108267729e-32,1.76744381466441e-27,0.500165854809743,"3"
"PPM1L1","PPM1L",6.92610909388504e-32,2.14411559219399e-27,0.480557250819641,"3"
"VAV2","VAV2",1.44525822783884e-31,4.4740858959207e-27,0.494781961009831,"3"
"RAB10","RAB10",1.83744356003848e-31,5.68817402881111e-27,0.442079001781662,"3"
"CRLF3","CRLF3",1.89426019884626e-31,5.86406129756838e-27,0.51681234785655,"3"
"DNMT3A","DNMT3A",2.86593987719052e-31,8.8720900778187e-27,0.503285809250932,"3"
"SGPP1","SGPP1",2.87869927331491e-31,8.91158934040097e-27,0.504256829359303,"3"
"DRAM2","DRAM2",3.99796487676777e-31,1.237649986901e-26,0.484046699064359,"3"
"HPCAL11","HPCAL1",5.0024588339376e-31,1.54861118122206e-26,0.520501555699545,"3"
"CEMIP2","CEMIP2",5.33583305796587e-31,1.65181383975449e-26,0.66255878272549,"3"
"MAD1L1","MAD1L1",1.05243630324691e-30,3.25802706396147e-26,0.498528223441537,"3"
"KIF1B","KIF1B",1.52484873703536e-30,4.72047423524036e-26,0.540995976931365,"3"
"UBAC2","UBAC2",2.54393967287775e-30,7.87527404532766e-26,0.484493270513594,"3"
"TRAPPC91","TRAPPC9",5.86978389184701e-30,1.81710899939908e-25,0.385866320999068,"3"
"PLEKHM2","PLEKHM2",1.21928035098996e-29,3.77452618255961e-25,0.492656051355453,"3"
"FAM91A1","FAM91A1",2.90774822295249e-29,9.00151617379403e-25,0.498983812041518,"3"
"PIAS2","PIAS2",3.52489617336832e-29,1.09120210838963e-24,0.500764227950311,"3"
"OGDH","OGDH",9.22294599692772e-29,2.85514739226891e-24,0.484943217668855,"3"
"PHKB","PHKB",9.47442700984333e-29,2.9329983694372e-24,0.424805555141928,"3"
"CERS6","CERS6",1.24800860937074e-28,3.863460252029e-24,0.484308726711623,"3"
"FCHO2","FCHO2",3.2639558776603e-28,1.0104228210473e-23,0.467719796960336,"3"
"NFE2L2","NFE2L2",3.82505690080933e-28,1.18412286478354e-23,0.457331990568012,"3"
"MIR34AHG1","MIR34AHG",6.2760974850731e-28,1.94289149845408e-23,0.431816813787083,"3"
"CENPP1","CENPP",8.43701286306427e-28,2.61184607201881e-23,0.469208236301802,"3"
"MAN1C11","MAN1C1",9.8740389300891e-28,3.05670623158768e-23,0.52495574493711,"3"
"NOTCH2","NOTCH2",1.00570116696578e-27,3.11334910257597e-23,0.439623013047601,"3"
"CHSY1","CHSY1",9.57144696222899e-27,2.96303283609723e-22,0.448565557153752,"3"
"SLC22A23","SLC22A23",1.02296270807272e-26,3.16678565538073e-22,0.476917773112605,"3"
"ELF2","ELF2",1.16779166224001e-26,3.61513264879641e-22,0.348219268312487,"3"
"P4HA1","P4HA1",1.34768213197592e-26,4.17201957595786e-22,0.504050419210046,"3"
"KLF7","KLF7",1.66467033583031e-26,5.1533199586299e-22,0.425903757875638,"3"
"ARHGEF18","ARHGEF18",2.95146381878509e-26,9.13684654381301e-22,0.501274551977834,"3"
"ARAP21","ARAP2",4.73953809634406e-26,1.46721880848523e-21,0.431149058303578,"3"
"AP3B1","AP3B1",4.84520891165706e-26,1.49993132278168e-21,0.387387200498676,"3"
"ZNF846","ZNF846",6.3521021646905e-26,1.96642026712324e-21,0.496300549001978,"3"
"ARMH3","ARMH3",1.12136465679132e-25,3.47140856802888e-21,0.401790366833762,"3"
"SPPL3","SPPL3",1.293909372205e-25,4.00555524353501e-21,0.392393897139868,"3"
"PHACTR2","PHACTR2",2.12643633696271e-25,6.58280896833546e-21,0.478035335067706,"3"
"MT-ND3","MT-ND3",2.13816795294001e-25,6.61912653191639e-21,0.415753863898242,"3"
"PTBP3","PTBP3",7.6274431491698e-25,2.3612275756885e-20,0.421058219999622,"3"
"DENND1B","DENND1B",8.88308079580902e-25,2.7499353219586e-20,0.43382929887525,"3"
"PRR51","PRR5",9.43126999385005e-25,2.91963825199616e-20,0.402019101752026,"3"
"FAM13B","FAM13B",2.5739890438358e-24,7.96829788300249e-20,0.44239846874292,"3"
"MT-ND4","MT-ND4",2.75436315495849e-24,8.526682018805e-20,0.404018074656935,"3"
"NT5DC1","NT5DC1",4.71714251593799e-24,1.46028580865892e-19,0.517027543119974,"3"
"AC068587.41","AC068587.4",5.56486090086079e-24,1.72271398907947e-19,0.489702504596061,"3"
"EIF4G3","EIF4G3",1.23196726350581e-23,3.81380105763494e-19,0.306906987531979,"3"
"ATF6","ATF6",1.78945216211153e-23,5.53960705824867e-19,0.415709613812851,"3"
"RABGAP1L1","RABGAP1L",1.82150482452304e-23,5.63883248527598e-19,0.301934177322167,"3"
"SPIN1","SPIN1",1.9741816088066e-23,6.11147400638258e-19,0.466720929792868,"3"
"B2M1","B2M",2.76201369700562e-23,8.5503658018203e-19,0.33212142949336,"3"
"CLTA","CLTA",3.52609332402644e-23,1.09157271031887e-18,0.477528304182907,"3"
"FAM49A","FAM49A",3.99882119047056e-23,1.23791507593397e-18,0.387892355089889,"3"
"AL078600.1","AL078600.1",6.6855006804547e-23,2.06963044564836e-18,0.497193703698217,"3"
"UBE2W","UBE2W",7.51395414480744e-23,2.32609478460804e-18,0.430090932905404,"3"
"RPS6KC1","RPS6KC1",7.66258258234376e-23,2.37210569001616e-18,0.421825233103855,"3"
"AGFG11","AGFG1",1.06600985384535e-22,3.30004670454905e-18,0.440318897829606,"3"
"PI4KA","PI4KA",1.24960830748903e-22,3.86841243749379e-18,0.41466639244299,"3"
"BCL2L1","BCL2L1",1.57317813958967e-22,4.87008756672773e-18,0.473138164852839,"3"
"RASA1","RASA1",1.62378963339654e-22,5.02676556810567e-18,0.503405727735276,"3"
"XPO6","XPO6",1.88093680817074e-22,5.82281607705416e-18,0.460046449578616,"3"
"CUEDC1","CUEDC1",2.11638116485186e-22,6.55168117203191e-18,0.42082290387364,"3"
"TNFRSF21","TNFRSF21",6.09334750399982e-22,1.88631758681322e-17,0.4787637848446,"3"
"SAMD4A","SAMD4A",8.27647330871159e-22,2.56214784217785e-17,0.325182912021098,"3"
"DTNB","DTNB",8.97278063289609e-22,2.77770370052564e-17,0.447696925554605,"3"
"PPP2R5C","PPP2R5C",8.97737149948766e-22,2.77912489509639e-17,0.397982091165747,"3"
"BAZ1A","BAZ1A",2.24400961981057e-21,6.94678058004758e-17,0.398715530470814,"3"
"SMCHD1","SMCHD1",8.95355730101829e-21,2.77175273367623e-16,0.384728130743102,"3"
"FOXN21","FOXN2",1.09505940984111e-20,3.38997541504512e-16,0.3957337488859,"3"
"LITAF","LITAF",1.67673457914523e-20,5.1906672366599e-16,0.448309919938676,"3"
"GLUD1","GLUD1",2.86538521806458e-20,8.87037301956251e-16,0.632930297363918,"3"
"GNAI3","GNAI3",3.01835020360231e-20,9.34390672529166e-16,0.436253074630273,"3"
"SRGAP3","SRGAP3",4.06560933296448e-20,1.25859068120581e-15,0.341734322606932,"3"
"PAK2","PAK2",4.33945224224373e-20,1.34336423063139e-15,0.381309221582075,"3"
"TRA2B","TRA2B",4.63261956532895e-20,1.43412003883888e-15,0.551074160193306,"3"
"SLC23A2","SLC23A2",4.70697472748676e-20,1.45713816638808e-15,0.421540232858331,"3"
"MAPK1","MAPK1",8.13831333626371e-20,2.51937765950716e-15,0.387971917344128,"3"
"ACTR3","ACTR3",1.53599284952682e-19,4.75497306428019e-15,0.377298149490528,"3"
"DAAM21","DAAM2",1.87574764418386e-19,5.80675198209997e-15,0.372844400797128,"3"
"PPP1R211","PPP1R21",2.45054481636245e-19,7.58615158801323e-15,0.401925112774654,"3"
"H2AFY","H2AFY",2.85801387594686e-19,8.84755355576869e-15,0.460965774666018,"3"
"DIP2A","DIP2A",3.13670137165528e-19,9.71028643623324e-15,0.348021599766304,"3"
"TNFRSF1A","TNFRSF1A",3.66131822953209e-19,1.13343428431625e-14,0.469126987190413,"3"
"MAP3K3","MAP3K3",4.02638860837499e-19,1.24644912149465e-14,0.361901005317406,"3"
"NFATC3","NFATC3",5.27593405438465e-19,1.63327090521586e-14,0.339334456263109,"3"
"PARL","PARL",5.50929353750511e-19,1.70551200040546e-14,0.420230778590398,"3"
"VMP1","VMP1",7.54397124167987e-19,2.33538717728684e-14,0.346821420213107,"3"
"KLF3","KLF3",1.12764752813815e-18,3.49085845285728e-14,0.422202741116185,"3"
"CYFIP1","CYFIP1",1.24726010021392e-18,3.86114309223222e-14,0.410657139729684,"3"
"RPS6KA5","RPS6KA5",1.48969843317769e-18,4.61165943958818e-14,0.350564293206902,"3"
"SETX","SETX",2.95516004342772e-18,9.14828894643918e-14,0.350864838983452,"3"
"HNRNPA2B1","HNRNPA2B1",4.64971190921098e-18,1.43941131573444e-13,0.320414295865548,"3"
"TBL1X","TBL1X",5.84338427494564e-18,1.80893646999492e-13,0.425979067689926,"3"
"SESN3","SESN3",6.07004263436221e-18,1.87910309831951e-13,0.381157396999518,"3"
"ASAH11","ASAH1",6.85572337482218e-18,2.1223262851437e-13,0.367445226666937,"3"
"MALT1","MALT1",9.25255136843571e-18,2.86431232712664e-13,0.422402808319133,"3"
"CPEB4","CPEB4",1.76247188433188e-17,5.45608421232622e-13,0.423344008414874,"3"
"RCOR1","RCOR1",3.14581942533604e-17,9.73851319501277e-13,0.429136357147411,"3"
"ARID1A","ARID1A",4.02273351818089e-17,1.24531761522326e-12,0.327365113621565,"3"
"DCP2","DCP2",5.9247612477609e-17,1.83412833946934e-12,0.392840063760113,"3"
"FMNL2","FMNL2",9.44156705758477e-17,2.92282591401652e-12,0.341058078559082,"3"
"AL162253.2","AL162253.2",9.72220727027282e-17,3.00970370465836e-12,0.442732760168429,"3"
"FTL","FTL",1.10694195247131e-16,3.42676020226542e-12,0.40920550523989,"3"
"KLF4","KLF4",1.34204297796534e-16,4.15456244688731e-12,0.415201133931223,"3"
"HERC3","HERC3",2.35818562671932e-16,7.30023524463501e-12,0.376289097162023,"3"
"WDR44","WDR44",3.91626606357524e-16,1.21235848530099e-11,0.366301571549808,"3"
"RSRC1","RSRC1",5.01547683169074e-16,1.5526411627865e-11,0.362941627098998,"3"
"MAP2K1","MAP2K1",8.41325508939682e-16,2.60449137802457e-11,0.36825426346233,"3"
"C6orf62","C6orf62",1.21551233539798e-15,3.76286153669153e-11,0.410173010854652,"3"
"FAM168A","FAM168A",2.00715438681753e-15,6.21354783527104e-11,0.386952408569837,"3"
"RPS9","RPS9",4.20814124170463e-15,1.3027142841945e-10,0.382669370191446,"3"
"PARP4","PARP4",4.5462299334056e-15,1.40737640048437e-10,0.374012272728745,"3"
"CAPZA2","CAPZA2",1.10287473740698e-14,3.41416932459078e-10,0.377103363548024,"3"
"CD441","CD44",1.26539302227032e-14,3.91727717904222e-10,0.331506859787656,"3"
"PSEN1","PSEN1",3.08676606551135e-14,9.5557017090035e-10,0.386002392870775,"3"
"ATF7IP","ATF7IP",8.7506726600831e-14,2.70894573538193e-09,0.304956932335421,"3"
"XAF1","XAF1",9.69687610670227e-14,3.00186193635182e-09,0.321695004104018,"3"
"PLEKHA11","PLEKHA1",1.18056419020654e-13,3.65467256362239e-09,0.364980141448312,"3"
"SP100","SP100",2.01753659247773e-13,6.24568802933332e-09,0.303149198225557,"3"
"MT-ND1","MT-ND1",2.27037095935601e-13,7.02838737887839e-09,0.334388487163953,"3"
"ARHGAP51","ARHGAP5",2.45781980481293e-13,7.60867276975939e-09,0.327032987840368,"3"
"MT-ND5","MT-ND5",3.44117162658592e-13,1.0652835004422e-08,0.398000063206246,"3"
"PLD3","PLD3",6.50357950241078e-13,2.01331310656131e-08,0.355560836154244,"3"
"ANKFY1","ANKFY1",1.0455545174364e-12,3.23672311962786e-08,0.36423768358487,"3"
"HIF1A","HIF1A",1.28396532787941e-12,3.97477146551628e-08,0.516960158076158,"3"
"EIF2AK4","EIF2AK4",1.51616391237518e-12,4.69358862353986e-08,0.359632202323518,"3"
"STAG2","STAG2",2.4951961793967e-12,7.72437881255838e-08,0.315252705438121,"3"
"TPM4","TPM4",2.59074666607537e-12,8.02017445416954e-08,0.442764301773845,"3"
"DNAJC13","DNAJC13",2.65525337161278e-12,8.21986786250169e-08,0.353541220309304,"3"
"KIF13B","KIF13B",3.48481139682073e-12,1.07879306411379e-07,0.323542481752676,"3"
"ASXL2","ASXL2",9.21574667139379e-12,2.85291869706337e-07,0.370751345347116,"3"
"RAB8B1","RAB8B",1.60251908564987e-11,4.9609183334463e-07,0.329524313243987,"3"
"PRMT2","PRMT2",1.82274281392771e-11,5.64266492907602e-07,0.33432224877393,"3"
"CD99","CD99",2.27960800834091e-11,7.05698251142095e-07,0.32587973780486,"3"
"MT-ATP6","MT-ATP6",2.42121153420729e-11,7.49534454644551e-07,0.369514761480005,"3"
"CRTC1","CRTC1",2.61610297525591e-11,8.09866998049972e-07,0.362535288871546,"3"
"ZNF5161","ZNF516",3.10178812093072e-11,9.60220548596522e-07,0.343173376195005,"3"
"MT-ND2","MT-ND2",3.10973153105218e-11,9.62679590067825e-07,0.326446881201729,"3"
"RABEP1","RABEP1",3.84603626616882e-11,1.19061744691788e-06,0.303793532780622,"3"
"WWP2","WWP2",3.94770761361842e-11,1.22209184594785e-06,0.325838200177648,"3"
"DGKD","DGKD",6.99344192054978e-11,2.1649598153446e-06,0.379450974703939,"3"
"MEF2D1","MEF2D",1.0013679132548e-10,3.09993464906289e-06,0.31723719886463,"3"
"TPP2","TPP2",1.24012171608062e-10,3.83904479647078e-06,0.356323401366347,"3"
"OSBPL8","OSBPL8",1.26293513341767e-10,3.90966829252107e-06,0.321568352040581,"3"
"GALNT11","GALNT11",1.28462767723204e-10,3.97682190040724e-06,0.356096549890689,"3"
"ANKH1","ANKH",1.68502589868155e-10,5.21633467454847e-06,0.40427372068496,"3"
"CNTLN1","CNTLN",2.09007982819558e-10,6.47026012414507e-06,0.304818769731814,"3"
"RB1","RB1",2.11353891882532e-10,6.54288243100755e-06,0.342413959477606,"3"
"CNTRL","CNTRL",2.61628576496732e-10,8.09923584260932e-06,0.331538370421368,"3"
"TUT7","TUT7",3.34630073342639e-10,1.03591431804681e-05,0.336124753864279,"3"
"DDX3Y","DDX3Y",4.55917390323562e-10,1.41138346522465e-05,0.442127692421154,"3"
"PABPC1","PABPC1",4.96989225693646e-10,1.53852954597982e-05,0.355649431558333,"3"
"APC","APC",5.44992247180904e-10,1.68713249959793e-05,0.335507967703388,"3"
"NAMPT","NAMPT",6.06857265394026e-10,1.87864803648029e-05,0.64500483632451,"3"
"UBE2R2","UBE2R2",8.36188821380783e-10,2.58858973434849e-05,0.307733629279711,"3"
"TUBGCP3","TUBGCP3",9.87725317863053e-10,3.05770126650865e-05,0.329867356414454,"3"
"CDK19","CDK19",1.00487680996504e-09,3.11079714060879e-05,0.305990261635336,"3"
"IFNAR2","IFNAR2",1.13235795573387e-09,3.50544052356534e-05,0.342907090735033,"3"
"MARK2","MARK2",2.16658008214997e-09,6.70708196031167e-05,0.327874268559993,"3"
"PPP1CB","PPP1CB",2.6441173733328e-09,8.18539415262634e-05,0.497257245422474,"3"
"LCORL","LCORL",3.32940057319712e-09,0.000103068253544463,0.350162004766616,"3"
"MOB3B","MOB3B",9.69258401915098e-09,0.000300053323480857,0.333758924878103,"3"
"AHCYL2","AHCYL2",1.53569689881944e-08,0.000475405688967535,0.304103735469468,"3"
"DGLUCY1","DGLUCY",1.61444825035013e-08,0.00049978474486089,0.331306155903919,"3"
"IKBKB","IKBKB",3.11454958258206e-08,0.000964171114279929,0.300078422277954,"3"
"FEZ21","FEZ2",4.88988838529136e-08,0.00151376274743464,0.323749829076277,"3"
"CACUL1","CACUL1",6.55976319070198e-08,0.00203070589094561,0.315799375070436,"3"
"SDCBP","SDCBP",7.80442639287286e-08,0.00241601627844165,0.30630059335357,"3"
"SLC38A9","SLC38A9",9.41513376695628e-08,0.00291464296023666,0.312406003891835,"3"
"RHOQ","RHOQ",1.06924826061637e-07,0.0033100718403901,0.306367961752979,"3"
"LMNA2","LMNA",2.03454916617225e-07,0.00629835385371944,0.430480514444582,"3"
"ETNK1","ETNK1",2.67716959360026e-07,0.00828771391090831,0.333544856970934,"3"
"PRPF38B","PRPF38B",1.98929131117865e-06,0.0615824911201574,0.350958752119396,"3"
"B4GALT11","B4GALT1",4.58668953010867e-06,0.141990147783574,0.530507581407869,"3"
"ATP6V0E1","ATP6V0E1",5.69653060215712e-06,0.176347497850978,0.313597450867746,"3"
"NSD2","NSD2",1.77652598956903e-05,0.549959150590884,0.314097102771739,"3"
"RUFY1","RUFY1",2.04492632012904e-05,0.633047840922346,0.301088619720126,"3"
"PACS2","PACS2",3.3197390925166e-05,1,0.302019251711491,"3"
"GPATCH2L","GPATCH2L",4.67486979174092e-05,1,0.300750764360281,"3"
"DDX3X","DDX3X",0.000238985471637359,1,0.309748599915072,"3"
