,p_val,avg_log2FC,pct.1,pct.2,p_val_adj
SEMA4A,1.19E-41,-3.042513791,0.024,0.791,3.68543121662982e-37
PLEKHG2,7.50E-28,-1.703163688,0.062,0.657,2.32124494383434e-23
NAMPT,4.12E-26,-2.154488781,0.455,0.97,1.27481077915796e-21
PPM1N,4.56E-25,-1.4462992,0.009,0.493,1.412923356859e-20
AL590226.1,1.20E-24,-1.23740056,0,0.448,3.71378689172817e-20
SAA1,4.93E-24,-1.149699344,0.019,0.507,1.52705638496348e-19
AC008397.1,8.50E-24,-0.911504595,0,0.433,2.63208717343819e-19
TEX14,5.80E-23,-1.540281797,0.1,0.657,1.79463599518958e-18
ITLN1,1.40E-22,2.219717645,0.763,0,4.32106768265425e-18
PDE4C,6.76E-21,-1.452220878,0.043,0.507,2.09126472267314e-16
ACACB,7.58E-20,-1.430079493,0.929,0.985,2.34808158865112e-15
NPR3,1.26E-19,-1.379759443,0.038,0.478,3.9113494321404e-15
FOSB,1.75E-19,-1.682952825,0.607,0.94,5.40575328121953e-15
BTNL9,6.28E-19,-1.334250284,0.052,0.493,1.94277441676821e-14
ARL17B,7.77E-19,-1.255160162,0.256,0.761,2.40492936630851e-14
MID1,3.10E-18,-1.758733177,0.45,0.866,9.58621541922418e-14
SIK3,6.51E-18,-1.310950168,0.791,1,2.01454391587205e-13
FTX,7.05E-18,0.914687591,0.995,0.955,2.18387803576093e-13
PRKCG,8.90E-18,-1.110729438,0.047,0.478,2.7552921826988e-13
PRKAR2B,1.93E-17,-1.404090142,0.768,0.97,5.96543000628034e-13
HK2,7.40E-17,-2.05968184,0.284,0.716,2.29220772518062e-12
MAFF,1.38E-16,-1.149147268,0.18,0.657,4.27798996471037e-12
FGF8,1.45E-16,-0.885885718,0.052,0.448,4.48177943879452e-12
NFIL3,2.32E-16,-1.192914768,0.336,0.821,7.18842054211786e-12
KIF7,4.12E-16,-1.119349872,0.142,0.597,1.27400407168379e-11
PRG4,6.39E-16,1.699602924,0.621,0.03,1.97854499526126e-11
SLC16A7,1.73E-15,-1.266771554,0.73,0.94,5.35527449503282e-11
FOXO1,2.72E-15,-1.023324393,0.867,0.985,8.40567130870388e-11
TNS1,1.24E-14,-0.964705721,0.91,0.985,3.83704011405528e-10
ADIPOR2,1.90E-14,-1.243441569,0.72,0.91,5.86790303587731e-10
AC020916.1,4.55E-14,-1.580752085,0.55,0.866,1.40749387253934e-09
COL4A1,5.87E-14,-1.130037453,0.791,0.94,1.8175661196684e-09
RTN4,7.33E-14,-1.1676891,0.815,0.985,2.2696613160333e-09
CCNL1,1.72E-13,-1.208101208,0.564,0.91,5.33352681205612e-09
NRP1,2.67E-13,-1.032257536,0.82,1,8.27520841692554e-09
SLC25A33,3.66E-13,-1.515518094,0.479,0.806,1.13400067757565e-08
POLG2,5.73E-13,-1.549845553,0.36,0.746,1.77365463687449e-08
SMIM41,7.02E-13,-0.743077027,0.024,0.313,2.17428034486632e-08
LINC02240,9.28E-13,-1.084451636,0.289,0.731,2.87378620858841e-08
QKI,1.02E-12,-0.929258785,0.844,0.97,3.1719353836857e-08
PTPRS,1.34E-12,-0.941152101,0.891,0.985,4.14995949922806e-08
SAMD4A,2.28E-12,-1.164983928,0.611,0.896,7.05113272085862e-08
CNTN4,3.40E-12,1.697103557,0.635,0.119,1.05192222017576e-07
PNISR,3.90E-12,1.103666292,0.834,0.672,1.20776314034983e-07
LDLR,5.64E-12,-1.286419902,0.104,0.463,1.74540802056017e-07
TPM1,7.18E-12,1.320189527,0.654,0.164,2.22334102077302e-07
SLC38A2,7.23E-12,-0.952470445,0.507,0.851,2.23943339677247e-07
SNTG2,7.27E-12,-1.158210487,0.199,0.582,2.24928113417377e-07
STAT3,8.95E-12,-1.063507885,0.754,0.925,2.77047767852277e-07
RBFOX1,9.61E-12,1.558563646,0.72,0.254,2.97486150209899e-07
ADH1B,1.02E-11,1.464121935,0.863,0.761,3.17029343780283e-07
ZBTB16,1.04E-11,-1.237112161,0.716,0.94,3.22535957278948e-07
YWHAG,1.08E-11,-1.122844421,0.611,0.881,3.3321141403477e-07
SLC14A2-AS1,1.32E-11,-0.950560843,0.033,0.313,4.08271325348698e-07
DHRS3,2.14E-11,-1.158832455,0.678,0.866,6.62226821717521e-07
CCDC3,2.48E-11,-1.293234596,0.199,0.597,7.67979668023599e-07
IRF1,3.09E-11,-0.817065257,0.095,0.433,9.56620546533793e-07
ITGA11,3.30E-11,1.427793833,0.588,0.149,1.0201496174754e-06
LMNA,4.08E-11,-1.152138926,0.701,0.866,1.26297217945492e-06
CAMK1D,5.44E-11,1.530562054,0.664,0.194,1.68439864145572e-06
ARIH1,5.71E-11,-0.95948538,0.763,0.94,1.76877115820635e-06
ZFP36,6.48E-11,-0.992795549,0.313,0.687,2.00612173961876e-06
NRP2,8.19E-11,-0.800089164,0.085,0.418,2.53606555412897e-06
LRP1B,9.64E-11,-1.489549667,0.156,0.522,2.98393624296265e-06
ITSN1,1.05E-10,-1.240450391,0.853,0.925,3.24378552115785e-06
PER1,1.54E-10,-0.634403603,0.299,0.701,4.75462453941345e-06
ITIH5,1.57E-10,-0.786870641,0.768,0.955,4.84691877397071e-06
CRK,1.57E-10,-1.099883478,0.592,0.821,4.86244848197002e-06
ITPK1,1.70E-10,-0.965563848,0.507,0.806,5.27553763131095e-06
PDZRN3,1.73E-10,-0.862490314,0.758,0.955,5.34581343584902e-06
NTRK2,1.98E-10,-1.040999986,0.616,0.866,6.12912135230096e-06
DDX17,2.05E-10,0.788196306,0.919,0.91,6.33318190496605e-06
YWHAZ,2.68E-10,-0.999511176,0.725,0.896,8.29244850109711e-06
AC002460.2,3.42E-10,1.4167466,0.578,0.149,1.06018729290443e-05
YBX3,3.84E-10,-1.064795476,0.436,0.746,1.18895452062688e-05
MYO1C,3.88E-10,-0.875026354,0.464,0.791,1.19971827887923e-05
SDK1,5.02E-10,1.901307776,0.848,0.597,1.55480436648103e-05
PDE8B,5.17E-10,-1.091660952,0.351,0.731,1.60180222344905e-05
SEMA3C,5.43E-10,1.291326884,0.886,0.687,1.68093963258531e-05
DMD,5.45E-10,-0.700806966,0.891,0.985,1.68857519147628e-05
PTEN,5.52E-10,-0.890362977,0.763,0.91,1.70894823685717e-05
RERG,5.54E-10,1.273689158,0.507,0.075,1.71598737179222e-05
HDGFL2,5.77E-10,-1.236482466,0.246,0.582,1.78690954276984e-05
TM4SF1,6.23E-10,1.111974273,0.469,0.03,1.92865076889339e-05
CLSTN2,6.43E-10,-1.329824721,0.441,0.761,1.99105498934265e-05
MLF1,7.53E-10,-0.577589223,0.076,0.388,2.32986790816753e-05
COL24A1,8.08E-10,-0.635792911,0.152,0.507,2.50017470935333e-05
COL4A2,8.26E-10,-0.937801774,0.791,0.94,2.55629286868916e-05
LINC00598,8.43E-10,-1.249432341,0.54,0.821,2.61008707533381e-05
LINC00910,8.58E-10,-0.765928664,0.095,0.403,2.65529258681221e-05
NFATC1,1.09E-09,-1.003851216,0.322,0.672,3.37296500262631e-05
TNXB,1.11E-09,1.109935058,0.915,0.806,3.4215552720445e-05
SPTBN1,1.14E-09,-0.602824211,0.957,1,3.52995630350505e-05
AKAP12,1.22E-09,-1.065891849,0.673,0.851,3.76196382706205e-05
SPECC1,1.35E-09,-0.918517692,0.246,0.597,4.17663401612482e-05
NUFIP2,1.54E-09,-1.121176703,0.55,0.791,4.76137059892897e-05
EPB41,1.73E-09,-0.942534817,0.706,0.955,5.35319215079878e-05
ACO2,1.78E-09,-0.812210782,0.403,0.746,5.51844809953629e-05
TRA2B,2.29E-09,-0.889192204,0.526,0.821,7.0950756780674e-05
SLC1A3,2.39E-09,-0.910571449,0.507,0.791,7.4019492172179e-05
FOSL2,2.40E-09,-0.801021736,0.351,0.687,7.43931510168964e-05
ETF1,3.39E-09,-0.931231565,0.445,0.716,0.000105019
FNDC3B,3.76E-09,-0.625997917,0.934,0.985,0.000116484
MBNL2,4.49E-09,-1.016013485,0.692,0.821,0.000139122
ADAM22,4.66E-09,-0.581216241,0.057,0.328,0.000144405
PLCG2,5.01E-09,-1.073027911,0.848,0.97,0.00015508
CARMN,5.02E-09,-0.902866924,0.512,0.821,0.000155507
ACTN1,5.75E-09,-0.821325411,0.27,0.597,0.000178043
KANK4,5.85E-09,-0.880510448,0.322,0.672,0.000180953
FOS,6.92E-09,-0.728592583,0.777,0.955,0.000214074
SH3D19,7.37E-09,-0.706167977,0.844,0.955,0.000228004
KCNT2,9.26E-09,1.122071232,0.725,0.299,0.000286726
C8orf34,9.43E-09,-1.147981242,0.265,0.597,0.000292007
PLCB1,1.39E-08,0.862659783,0.919,0.806,0.000431513
MT-CO3,1.40E-08,1.28096368,0.829,0.493,0.000433624
SVEP1,1.43E-08,-0.837934215,0.806,0.925,0.000441174
STOX2,1.44E-08,-0.940593986,0.227,0.552,0.000445556
B4GALT1,1.50E-08,-0.986392602,0.455,0.746,0.000462826
PRKCD,1.76E-08,-0.688815866,0.152,0.463,0.00054452
LRMDA,1.91E-08,-0.643690232,0.896,1,0.0005924
LSP1,2.62E-08,1.048872271,0.569,0.179,0.000810439
GDPD5,2.87E-08,-0.722106795,0.389,0.716,0.000889357
HIPK3,3.75E-08,-0.819164413,0.829,0.91,0.001161474
PTGIS,3.84E-08,1.380617555,0.64,0.284,0.001188648
PLCXD1,3.86E-08,-0.855761982,0.175,0.478,0.001194575
FBN1,4.30E-08,0.989125915,0.953,0.836,0.001330605
SOCS3,4.75E-08,-0.652282574,0.109,0.388,0.001471303
DPT,4.77E-08,-0.649804336,0.218,0.552,0.001477118
AL590999.1,7.15E-08,-0.621944172,0.085,0.343,0.00221247
BCL2,7.82E-08,-0.828718633,0.796,0.925,0.002419748
PPP1R15B,8.53E-08,-0.597054203,0.199,0.507,0.00264181
AC025159.1,9.00E-08,1.008434063,0.782,0.507,0.002785069
SH3KBP1,9.26E-08,-0.808083429,0.678,0.925,0.002867337
TTC14,1.02E-07,0.855575658,0.583,0.239,0.003148211
KRT19,1.06E-07,0.968825416,0.327,0,0.003292961
EZR,1.08E-07,1.099794875,0.607,0.224,0.003348403
POLN,1.16E-07,-0.523508665,0.109,0.373,0.003588169
ELOVL5,1.39E-07,-0.737537006,0.559,0.821,0.004299478
NEAT1,2.02E-07,-0.419414847,1,1,0.00624012
NNMT,2.07E-07,-0.764886191,0.512,0.791,0.006411737
CCN1,2.16E-07,-0.536453641,0.232,0.537,0.006673064
IL3RA,2.33E-07,-0.67488377,0.118,0.373,0.007212942
MT-CO1,2.35E-07,0.999314607,0.882,0.537,0.007272739
NOCT,2.69E-07,-0.973276731,0.209,0.493,0.008320441
AC007923.4,2.93E-07,-0.865119806,0.521,0.791,0.009063484
CREB5,3.21E-07,1.100445308,0.635,0.299,0.009935899
NTM,3.90E-07,-0.84531142,0.701,0.866,0.012070638
SVIL,4.16E-07,-0.80633659,0.701,0.896,0.012884304
RERE,4.23E-07,-0.513465935,0.915,0.985,0.013097037
KLF10,4.58E-07,-0.685031663,0.204,0.493,0.014164282
LAMA4,4.66E-07,-0.716447246,0.934,0.94,0.014423946
NFATC2,4.87E-07,-1.349141815,0.19,0.478,0.015077935
NCOR2,5.00E-07,-0.537553853,0.602,0.836,0.015487434
CDC42EP4,5.16E-07,-0.803888697,0.393,0.657,0.01597451
DDX21,5.23E-07,-0.877181764,0.232,0.507,0.016183123
KCNIP2-AS1,5.30E-07,-0.774603768,0.498,0.761,0.016414254
IFRD1,5.37E-07,-0.878872088,0.46,0.701,0.016638189
PRDM16,5.44E-07,-0.677462256,0.19,0.463,0.016839213
PKNOX2,5.52E-07,-0.839792013,0.384,0.657,0.017099207
THSD7B,6.45E-07,-0.875844352,0.28,0.567,0.019969066
DOCK11,6.52E-07,-0.744840643,0.815,0.94,0.020188069
AQP7,6.68E-07,0.617480498,0.877,0.91,0.020667387
MT-CO2,7.16E-07,1.098275056,0.763,0.448,0.022165271
SEMA3A,7.32E-07,-0.712552646,0.63,0.866,0.022675932
LINC01619,7.76E-07,-0.799758815,0.521,0.806,0.024020996
MCL1,7.84E-07,-0.615325125,0.464,0.731,0.024275163
EIF5,8.39E-07,-0.753565212,0.408,0.672,0.025986862
VASP,8.57E-07,-0.718250535,0.081,0.313,0.026530934
MBNL1,9.25E-07,-0.527464668,0.929,0.985,0.028620919
LURAP1L,9.62E-07,0.834514967,0.526,0.209,0.02978716
CELF2,9.95E-07,-0.490975944,0.962,1,0.030791307
AL139383.1,1.03E-06,-0.72171218,0.616,0.791,0.031925578
ATG7,1.05E-06,0.671685377,0.829,0.672,0.032413497
SGK2,1.08E-06,-0.895928683,0.389,0.627,0.033289587
ADAMTSL4-AS1,1.12E-06,-0.813039919,0.749,0.91,0.034747198
TMEM135,1.13E-06,-0.620859888,0.848,0.925,0.034925454
HERC4,1.13E-06,0.669331069,0.896,0.776,0.034925575
AC006387.1,1.13E-06,-0.581833636,0.128,0.373,0.035119032
TANC2,1.17E-06,0.766275664,0.564,0.224,0.036145635
ESRRG,1.21E-06,-0.752044686,0.493,0.791,0.037339146
PER2,1.24E-06,-0.611924737,0.232,0.507,0.038288669
FP236383.3,1.26E-06,-0.700032373,0.118,0.358,0.039049388
NDEL1,1.27E-06,-0.709664587,0.389,0.642,0.039243117
IGFBP7,1.34E-06,-0.685576706,0.142,0.403,0.041415088
EMP1,1.39E-06,-0.934680158,0.697,0.896,0.042994542
MAN1A1,1.40E-06,-0.750232882,0.787,0.925,0.043215039
TNS3,1.55E-06,-0.641178148,0.739,0.896,0.047881121
ST3GAL6,1.60E-06,0.779136114,0.469,0.149,0.049675663
ANKRD36,1.62E-06,0.812448638,0.63,0.358,0.050020356
GRK5,1.63E-06,1.3722557,0.668,0.388,0.050403556
STK38L,1.69E-06,-0.844541619,0.602,0.776,0.052294649
ABHD5,1.71E-06,-0.72637881,0.55,0.821,0.052904557
TNIP1,1.78E-06,-0.801028137,0.355,0.597,0.055174669
ZRANB2,1.88E-06,0.668946954,0.73,0.463,0.058311542
ZNF626,1.96E-06,0.671799624,0.507,0.164,0.060562871
IL6ST,2.08E-06,-0.624491515,0.645,0.851,0.064379918
TACC1,2.08E-06,-0.74079537,0.763,0.836,0.06452214
RAB20,2.24E-06,-0.693874728,0.133,0.373,0.069299873
TOP1,2.29E-06,-0.648449452,0.445,0.701,0.070998655
GALNT17,2.40E-06,1.19147894,0.341,0.045,0.074292083
ITGB1,2.40E-06,-0.69498932,0.621,0.821,0.074323451
LRP5,2.45E-06,-0.90024521,0.398,0.657,0.075730273
ALPK3,2.53E-06,-0.626941613,0.095,0.313,0.078251936
HSPA8,2.81E-06,-0.537445183,0.1,0.328,0.086839434
RSRP1,2.85E-06,0.742616071,0.763,0.567,0.088148005
RND3,2.91E-06,-0.622251563,0.237,0.493,0.090023448
USP9X,2.93E-06,-0.589172943,0.597,0.776,0.090695335
MPHOSPH8,2.96E-06,0.708729244,0.711,0.418,0.091488182
KCTD8,2.98E-06,-0.695989125,0.223,0.507,0.092098538
PTPRF,2.98E-06,-0.631195387,0.716,0.866,0.092303233
ZNF827,3.17E-06,-0.709229686,0.422,0.687,0.098047467
SOBP,3.33E-06,0.8709008,0.692,0.433,0.10295525
PIM1,3.36E-06,-0.557633504,0.142,0.388,0.104100071
EFEMP1,3.41E-06,0.828119914,0.716,0.418,0.105464236
TMBIM4,3.51E-06,0.657207529,0.517,0.194,0.108588408
SAV1,3.54E-06,-0.651044895,0.275,0.537,0.109579961
IQCN,3.56E-06,-0.668206103,0.37,0.612,0.110353889
TBL1XR1,3.76E-06,-0.468435856,0.848,0.955,0.11637218
TSPAN14,3.93E-06,-0.720872242,0.559,0.761,0.121537309
PREX2,3.94E-06,-0.808600113,0.346,0.627,0.121901127
ADCY5,3.96E-06,-0.870419116,0.455,0.672,0.122744117
APIP,4.02E-06,0.645724072,0.659,0.373,0.124345302
CCNL2,4.49E-06,0.774868715,0.701,0.463,0.138860657
LASP1,4.61E-06,-0.765132814,0.412,0.672,0.142857581
CAMKMT,5.57E-06,-0.630048807,0.706,0.896,0.172497226
MAPKAPK2,5.59E-06,-0.736865361,0.237,0.493,0.172973161
ERCC1,5.63E-06,-0.58871644,0.232,0.478,0.174174752
PDE1A,5.67E-06,-0.721987515,0.502,0.746,0.175532779
ANGPTL4,5.85E-06,-0.694497649,0.607,0.776,0.181183579
BCL6,6.02E-06,-0.637628074,0.763,0.91,0.18636163
TRMT9B,7.06E-06,0.692592792,0.365,0.09,0.218580777
LVRN,7.07E-06,0.93534552,0.806,0.776,0.218907506
KLF3,7.72E-06,0.677412175,0.455,0.134,0.239118561
RAB2A,7.74E-06,-0.720319565,0.711,0.866,0.239499757
CRY1,7.95E-06,-0.547667287,0.275,0.567,0.245969665
RBMS1,8.28E-06,-0.616145018,0.905,0.955,0.25630156
DNAJA1,8.69E-06,-0.815997259,0.374,0.642,0.269151618
FAM126A,8.93E-06,0.893217651,0.583,0.328,0.276337349
NWD2,9.21E-06,-0.797678948,0.223,0.493,0.285189647
PDE10A,9.29E-06,1.063916331,0.592,0.284,0.287582167
TXLNG,9.48E-06,-0.673059329,0.417,0.672,0.293485176
NECTIN2,9.50E-06,-0.686877156,0.251,0.493,0.293952235
ACVR1C,9.76E-06,1.057808731,0.697,0.507,0.302119828
AFF1,1.01E-05,0.58472331,0.844,0.761,0.313278249
TSC22D2,1.04E-05,-0.840484875,0.545,0.746,0.322502193
USP47,1.08E-05,-0.561400529,0.72,0.91,0.333481918
EPSTI1,1.09E-05,0.565044806,0.417,0.104,0.337238065
TWIST2,1.11E-05,-0.693648483,0.773,0.925,0.342803294
MAP3K20,1.14E-05,-0.632649606,0.602,0.821,0.352264196
TSKU,1.18E-05,-0.637346534,0.232,0.478,0.365182152
SKP1,1.21E-05,-0.685889049,0.379,0.582,0.374140988
AC098829.1,1.28E-05,0.819887667,0.555,0.254,0.397294489
NAV3,1.29E-05,-0.773444851,0.711,0.851,0.398547578
VLDLR-AS1,1.29E-05,-0.686020806,0.261,0.507,0.398707226
HNRNPU,1.32E-05,-0.737586578,0.796,0.91,0.40841544
RASA3,1.32E-05,-0.546020262,0.564,0.776,0.40873048
MAP4K3-DT,1.39E-05,-0.6862623,0.55,0.731,0.430942575
RBPMS,1.43E-05,-0.529309758,0.91,0.985,0.443562485
HNRNPC,1.48E-05,-0.427672609,0.853,0.97,0.459262235
MRAS,1.65E-05,-0.755055724,0.493,0.716,0.512272255
TLE1,1.68E-05,-0.716966089,0.654,0.821,0.519328398
ANAPC5,1.68E-05,0.630877885,0.649,0.373,0.520177102
CRIP1,1.69E-05,0.663792993,0.332,0.06,0.522258125
CS,1.72E-05,-0.600408609,0.422,0.642,0.531964935
PRR5,1.73E-05,-0.533304837,0.384,0.627,0.535374903
ABCA10,1.76E-05,-0.52811342,0.882,0.94,0.5449547
SNRK,1.78E-05,-0.550564445,0.569,0.761,0.550265722
EIF4A1,1.79E-05,-0.47010288,0.36,0.597,0.554384805
TPRG1,1.79E-05,-0.743954183,0.659,0.836,0.555585405
LUC7L3,1.82E-05,0.672148836,0.806,0.672,0.562601409
LMO3,1.86E-05,0.740732051,0.725,0.522,0.575281192
MAPRE2,1.89E-05,-0.499595667,0.18,0.418,0.584842038
ADAMTS2,2.00E-05,-0.437459709,0.502,0.746,0.619171459
UBR5,2.06E-05,-0.487186804,0.844,0.925,0.6362399
NIPSNAP3B,2.07E-05,0.636986282,0.398,0.134,0.639376897
AC074032.1,2.08E-05,-0.787757348,0.559,0.746,0.642856289
SOD2,2.18E-05,-0.692271229,0.474,0.701,0.675960329
BRCA1,2.32E-05,0.534884417,0.322,0.06,0.717506337
PAX8-AS1,2.41E-05,0.604289862,0.336,0.075,0.7446499
SFPQ,2.60E-05,-0.492604598,0.692,0.896,0.803480716
NTRK3,2.65E-05,-0.791860284,0.133,0.343,0.8191666
AL136119.1,2.65E-05,-0.738338636,0.725,0.91,0.821013501
RNF13,2.67E-05,0.7401372,0.583,0.328,0.828010284
EIF4A3,2.74E-05,-0.45726439,0.104,0.313,0.848618836
LITAF,2.75E-05,-0.843911407,0.422,0.627,0.852840368
MGST1,2.76E-05,0.610746107,0.891,0.836,0.853483949
TIPARP,2.78E-05,-0.633003758,0.256,0.493,0.860293548
TAGLN,2.82E-05,-0.399602288,0.118,0.343,0.873412564
GALNT2,2.89E-05,-0.519737794,0.602,0.806,0.895318494
HECTD2,2.92E-05,0.612751765,0.412,0.149,0.903241598
MIR22HG,3.01E-05,-0.49176366,0.237,0.463,0.931912033
BAG3,3.12E-05,-0.489685582,0.109,0.313,0.964457313
VIM,3.26E-05,-0.480750004,0.791,0.866,1
TRIM44,3.54E-05,0.688642397,0.692,0.493,1
AC138123.1,3.63E-05,0.862330808,0.687,0.493,1
LRRC41,3.68E-05,-0.57631821,0.379,0.582,1
LRIG1,3.69E-05,1.001595205,0.725,0.627,1
NHLRC2,3.69E-05,0.573267172,0.455,0.179,1
LRFN5,3.77E-05,-0.618616043,0.318,0.597,1
PIK3R1,3.80E-05,-0.559540511,0.517,0.746,1
PRPF3,3.93E-05,0.637222369,0.592,0.313,1
ILRUN,3.94E-05,-0.656484359,0.635,0.821,1
SIDT2,4.28E-05,-0.446295467,0.199,0.433,1
AL139317.5,4.29E-05,-0.596483635,0.289,0.522,1
AVIL,4.29E-05,-0.435746152,0.227,0.478,1
MPPED2,4.30E-05,-0.488377582,0.109,0.313,1
CRISPLD2,4.42E-05,-1.00785631,0.142,0.343,1
CAT,4.51E-05,0.635286034,0.763,0.746,1
N4BP2L2,4.53E-05,0.519193165,0.891,0.896,1
AFF4,4.66E-05,-0.517447247,0.763,0.896,1
UTRN,4.71E-05,-0.382147261,0.929,0.97,1
NEBL,4.82E-05,0.72878376,0.303,0.06,1
MPP7,4.82E-05,-0.635203936,0.341,0.582,1
LINC00894,4.92E-05,0.543009131,0.754,0.537,1
BICD1,5.03E-05,0.699968382,0.488,0.224,1
PRKAG2,5.05E-05,-0.53172492,0.796,0.955,1
PTPRM,5.06E-05,-0.456496187,0.867,0.955,1
SAMHD1,5.06E-05,-0.590315201,0.389,0.642,1
MOGAT1,5.26E-05,0.629829721,0.422,0.149,1
SAMD8,5.42E-05,-0.55337223,0.583,0.761,1
CDKN1A,5.57E-05,-0.502521622,0.156,0.373,1
C2CD2,5.75E-05,-0.676451334,0.725,0.851,1
PLA2G2A,5.77E-05,0.869135045,0.379,0.119,1
TMOD1,6.24E-05,-0.451977112,0.114,0.313,1
LIMS1,6.24E-05,-0.454836578,0.82,0.881,1
AMY2B,6.26E-05,0.380052502,0.313,0.06,1
VPS37A,6.27E-05,0.370055402,0.322,0.075,1
PKHD1L1,6.42E-05,0.965374215,0.498,0.209,1
AL356218.2,6.59E-05,0.335962236,0.308,0.06,1
MCCC1,6.71E-05,0.71521361,0.744,0.657,1
GALNT10,6.77E-05,0.762418958,0.445,0.179,1
DIRC3,6.97E-05,-0.577267514,0.834,0.881,1
GNAL,7.03E-05,-0.586038744,0.213,0.448,1
KLF2,7.22E-05,-0.541079476,0.384,0.642,1
FBXL18,7.60E-05,-0.696997617,0.284,0.507,1
SGCE,7.76E-05,0.639618113,0.46,0.194,1
RAB11FIP2,8.14E-05,0.604680844,0.332,0.09,1
TKT,8.19E-05,-0.689147435,0.37,0.582,1
MFAP5,8.22E-05,1.000881868,0.46,0.194,1
DCN,8.38E-05,0.790454276,0.739,0.507,1
PHLDB2,8.39E-05,-0.671205766,0.782,0.866,1
JUN,8.46E-05,-0.587077823,0.531,0.731,1
CABLES1,8.70E-05,-0.619307682,0.649,0.851,1
MAGI2-AS3,8.86E-05,0.706208087,0.621,0.403,1
FADS3,8.97E-05,-0.514051651,0.318,0.552,1
PPARGC1A,9.13E-05,-0.57131697,0.147,0.343,1
ITGA7,9.25E-05,-0.583790161,0.597,0.761,1
HSDL2,9.35E-05,-0.468448107,0.692,0.881,1
SCARA5,9.47E-05,0.824205552,0.531,0.284,1
UBA2,9.53E-05,-0.587320042,0.654,0.821,1
SORBS2,9.61E-05,0.866282692,0.389,0.134,1
PXDN,9.64E-05,-0.582702063,0.749,0.851,1
TSHZ2,0.000102173,0.468468471,0.962,1,1
NCOA1,0.000105993,0.454537212,0.91,0.896,1
ATP8B1,0.000108285,0.606179128,0.422,0.164,1
DNM1,0.000112131,0.793998545,0.592,0.358,1
GPC6,0.000113167,0.854628328,0.782,0.672,1
LATS2,0.000115962,-0.437541279,0.498,0.716,1
AKAP1,0.000116513,-0.475609774,0.403,0.657,1
GAS7,0.000117534,0.710384816,0.801,0.597,1
PTGER3,0.000117584,0.709048333,0.801,0.687,1
VGLL3,0.000117964,0.586534816,0.479,0.224,1
TRERF1,0.000118593,0.742033252,0.611,0.373,1
NUP160,0.000119339,0.559673337,0.569,0.299,1
CD34,0.000120828,0.683891114,0.431,0.164,1
ATP11A,0.000124087,0.867429823,0.479,0.254,1
TANC1,0.000124821,-0.623618094,0.488,0.672,1
FRY,0.000125031,0.746104269,0.512,0.269,1
HNRNPF,0.000125032,-0.536057738,0.341,0.537,1
ZHX1,0.000125671,0.597061066,0.483,0.269,1
RBM39,0.000127229,-0.584328601,0.829,0.91,1
FHOD3,0.00013211,-0.356645935,0.294,0.567,1
LINC01515,0.000137179,0.699769869,0.318,0.09,1
ZNF718,0.000138036,0.455611153,0.408,0.149,1
NUDT4,0.000138321,-0.478227391,0.422,0.627,1
RUNX1,0.000138606,-0.401845512,0.493,0.716,1
SUGP2,0.000138628,0.674147703,0.597,0.403,1
IDH1,0.00013883,0.566088331,0.559,0.328,1
ELL2,0.000143128,-0.63234477,0.682,0.791,1
TLCD2,0.000144398,-0.404254289,0.142,0.343,1
STK38,0.000146275,0.636108916,0.583,0.358,1
PLXNA4,0.000150886,-0.402534881,0.583,0.836,1
SPSB1,0.000156274,-0.51309556,0.545,0.776,1
NHLRC3,0.000157936,0.606676767,0.483,0.254,1
PXN,0.000172162,0.656009162,0.384,0.134,1
FARS2,0.000174904,0.550066315,0.782,0.627,1
MAP4K3,0.000176994,-0.563602705,0.73,0.836,1
THRAP3,0.00017716,-0.369566223,0.739,0.866,1
EYA2,0.00017785,-0.521928486,0.725,0.866,1
GFOD1,0.000182591,-0.477309232,0.242,0.463,1
EPB41L4B,0.00018345,-0.697282147,0.526,0.731,1
AC008014.1,0.000186684,-0.669428869,0.36,0.597,1
AC109927.1,0.000186718,0.812847378,0.45,0.224,1
SRSF7,0.000189022,-0.446836943,0.322,0.537,1
H3F3B,0.000198661,-0.31058873,0.261,0.493,1
PRICKLE2,0.000202739,-0.53350515,0.697,0.851,1
PLSCR1,0.00020391,0.599619955,0.346,0.119,1
ERMAP,0.000204644,0.416961387,0.341,0.104,1
MAP2K6,0.000204652,-0.446281168,0.209,0.418,1
COL5A2,0.000207469,-0.63879235,0.697,0.821,1
ATF3,0.000207672,-0.525371982,0.242,0.463,1
PHIP,0.000211794,0.591570032,0.716,0.522,1
MICAL3,0.000213284,-0.562068754,0.63,0.791,1
HIVEP2,0.000219877,-0.657257716,0.678,0.821,1
ANK2,0.000220355,-0.65209048,0.479,0.672,1
MEG8,0.000224687,0.908318408,0.645,0.403,1
LINC01004,0.00023579,0.597208977,0.697,0.493,1
PTP4A2,0.000235853,-0.501602148,0.45,0.657,1
SLC35F5,0.000238286,0.579143439,0.635,0.388,1
NR2F2-AS1,0.000241587,-0.666302012,0.327,0.522,1
FAM20C,0.000241622,-0.564856847,0.261,0.478,1
UBAP1,0.000242328,-0.395074033,0.668,0.806,1
ZNF638,0.000245166,0.364769409,0.858,0.896,1
SORBS1,0.000245844,-0.400281096,0.867,1,1
TACC2,0.000248044,-0.578479594,0.583,0.716,1
PCED1B,0.000248562,-0.678664773,0.602,0.761,1
ASXL1,0.000250621,-0.421360028,0.744,0.866,1
DAPK1,0.000253099,0.7872444,0.621,0.433,1
KIF1B,0.000254851,-0.464546354,0.701,0.866,1
KALRN,0.000258382,-0.583660925,0.507,0.716,1
TERF2IP,0.000259025,0.624627182,0.55,0.313,1
NPM1,0.000262573,-0.468891923,0.27,0.493,1
NSL1,0.000282496,0.602085031,0.36,0.134,1
TRIM56,0.000290448,0.364578436,0.479,0.194,1
NFATC3,0.000297125,0.546429423,0.787,0.627,1
RALGAPA2,0.000300273,-0.433568995,0.739,0.821,1
FBXO17,0.000307372,-0.457969397,0.483,0.701,1
PALM2-AKAP2,0.000309257,-0.439033621,0.877,0.955,1
AC093334.1,0.000310601,0.546845778,0.564,0.299,1
VCL,0.00031237,-0.547306818,0.592,0.761,1
STARD9,0.000316701,0.677680518,0.687,0.463,1
RDH10,0.00031677,-0.428400692,0.251,0.463,1
PDXK,0.000318771,-0.558328467,0.597,0.731,1
STX11,0.000326452,-0.382417454,0.336,0.567,1
OSMR-AS1,0.000329524,0.529268604,0.379,0.149,1
IER2,0.000335854,-0.472001631,0.417,0.597,1
BRD8,0.000337127,0.398576639,0.332,0.104,1
METTL16,0.000337802,0.542017886,0.611,0.343,1
MAPT,0.000338907,-0.5485512,0.393,0.597,1
RANBP17,0.000347287,0.588431578,0.346,0.119,1
LINC01239,0.000353196,0.693102859,0.474,0.239,1
AL592183.1,0.000354683,-0.513431085,0.246,0.418,1
SSR1,0.000356339,0.509559488,0.318,0.104,1
ANKRD40,0.000357249,0.396534717,0.318,0.09,1
GAREM1,0.000364189,-0.570720606,0.588,0.746,1
DPF2,0.000365024,-0.4549395,0.237,0.433,1
SNRNP70,0.000369646,-0.318531964,0.559,0.761,1
PXDC1,0.000376735,-0.588109697,0.227,0.418,1
DDX3Y,0.000376972,-0.41853847,0.318,0.522,1
GPLD1,0.000382972,-0.589001166,0.289,0.478,1
COPS7B,0.000386579,0.348433026,0.336,0.104,1
GTF2B,0.000392063,-0.437738119,0.251,0.463,1
OSBPL9,0.00040365,-0.474681321,0.654,0.821,1
TRHDE-AS1,0.00040415,0.603846273,0.754,0.657,1
MGLL,0.000410469,-0.583380746,0.592,0.761,1
INTS6,0.00041782,-0.430783673,0.469,0.687,1
PPFIBP2,0.000423927,-0.321500699,0.19,0.388,1
PARP9,0.000423928,0.546299281,0.303,0.09,1
FOXK1,0.000426182,-0.337655038,0.445,0.672,1
SPRED2,0.000428214,-0.551894227,0.427,0.612,1
GBE1,0.00043161,-0.545959907,0.787,0.94,1
ROCK2,0.000439857,-0.467984664,0.739,0.821,1
MAP2K3,0.00044901,-0.368362978,0.18,0.373,1
HAND2-AS1,0.00045715,0.633491847,0.355,0.149,1
DLC1,0.000457866,-0.363173121,0.957,1,1
GARS-DT,0.000470146,0.482831177,0.782,0.612,1
NAGLU,0.000474102,0.428391277,0.303,0.09,1
ANKRD12,0.000476765,-0.404966647,0.782,0.881,1
AC097376.3,0.000486593,0.470591585,0.374,0.149,1
ARHGAP18,0.000487303,0.431973521,0.389,0.149,1
NMT2,0.000488369,-0.490552739,0.412,0.597,1
CASC15,0.000491667,-0.43494641,0.133,0.313,1
BMPER,0.000499534,-0.580542901,0.607,0.776,1
ANKRD30A,0.000500814,0.952444745,0.479,0.269,1
CREBZF,0.000504305,0.456097717,0.45,0.209,1
ZNF559,0.000506347,0.493694159,0.464,0.224,1
MSH3,0.000508762,0.472233089,0.754,0.582,1
DLG2,0.00051017,-0.427282538,0.791,0.925,1
EGR1,0.000511944,-0.485703108,0.645,0.746,1
MON2,0.000518623,0.446923891,0.848,0.851,1
SMURF2,0.000518941,0.690874654,0.706,0.522,1
CHD1,0.000525094,-0.440291222,0.54,0.687,1
CDK14,0.000528839,0.732831885,0.744,0.627,1
MRC2,0.000529469,0.568982441,0.602,0.373,1
PEMT,0.000531181,-0.525587286,0.209,0.403,1
ARHGEF3,0.000535999,0.660551712,0.592,0.373,1
ZNF652,0.000546063,0.583345567,0.611,0.373,1
TAF11,0.00055364,0.419371833,0.36,0.134,1
AF117829.1,0.000554364,0.564066231,0.668,0.463,1
SP100,0.000565208,0.571570293,0.621,0.403,1
AL049828.1,0.000566525,0.605355501,0.502,0.269,1
ZMYM1,0.000571415,0.578699898,0.427,0.194,1
Z83843.1,0.000573358,0.502973792,0.45,0.224,1
AKAP9,0.000574585,0.461149785,0.825,0.791,1
ZC3H6,0.000575421,0.574840412,0.564,0.328,1
SBNO2,0.000579059,-0.457915825,0.28,0.478,1
SGO1-AS1,0.000587362,0.764420224,0.398,0.179,1
EIF2B3,0.000608491,-0.494652054,0.611,0.716,1
WDFY2,0.000611465,-0.481115683,0.55,0.716,1
LMCD1,0.000612385,-0.666555403,0.166,0.343,1
SHISA6,0.000631234,0.708493618,0.384,0.164,1
NPY1R,0.000631485,-0.504098804,0.185,0.373,1
GXYLT2,0.000633477,0.580383064,0.626,0.388,1
NAALADL2,0.000649596,0.452202832,0.905,0.881,1
KRCC1,0.000656936,0.561152689,0.498,0.284,1
SLC22A3,0.000673168,-0.674461888,0.336,0.522,1
LINC02649,0.000680355,-0.522369859,0.583,0.731,1
ANKRD11,0.000683875,-0.351337436,0.848,0.955,1
RABGEF1,0.000685309,0.434871921,0.872,0.866,1
LINC02202,0.000687699,0.534474781,0.517,0.299,1
PRKCH,0.000693723,-0.648881388,0.597,0.761,1
KIAA0408,0.000694975,0.546305381,0.445,0.239,1
FRS2,0.000695998,-0.457713282,0.626,0.761,1
SNTB2,0.000703782,-0.489102389,0.464,0.642,1
CCT2,0.000707928,-0.486585834,0.156,0.328,1
NUP43,0.00070889,0.351567939,0.322,0.104,1
RNPC3,0.000713074,0.527813258,0.569,0.358,1
DOCK4,0.000713428,0.756303235,0.815,0.701,1
ADAMTS9,0.000724223,-0.600155408,0.559,0.716,1
ACER3,0.000725748,0.572730392,0.697,0.507,1
ADAMTS9-AS1,0.000728761,0.43873099,0.36,0.134,1
ROR1,0.000730188,0.54533991,0.72,0.537,1
DUSP14,0.000734808,-0.369137894,0.194,0.373,1
LPAR1,0.00074571,0.647962549,0.701,0.478,1
SERINC5,0.000749246,-0.664103599,0.427,0.612,1
LYPLA1,0.000749519,0.465185893,0.351,0.119,1
BICRAL,0.000759434,0.572483932,0.754,0.612,1
MT-ND4,0.000771998,0.44342569,0.592,0.358,1
RNF170,0.000781127,0.443147631,0.408,0.194,1
ZNF518A,0.000781731,0.608094658,0.706,0.597,1
SLC33A1,0.000783279,0.432517443,0.332,0.119,1
SRSF4,0.000798937,-0.467642881,0.725,0.821,1
AC007262.2,0.000828139,-0.565371485,0.19,0.358,1
SYNPO,0.000829022,-0.37662553,0.18,0.358,1
BMPR1A,0.000835728,-0.437007937,0.81,0.866,1
LDLRAD3,0.000851989,-0.474589576,0.701,0.866,1
NAPA,0.000858628,-0.369311563,0.218,0.403,1
KLF4,0.000859397,-0.390160706,0.251,0.433,1
PMEPA1,0.000863271,-0.32526583,0.199,0.403,1
VPS36,0.000867515,0.583066039,0.445,0.239,1
TSC22D3,0.000874283,-0.518394243,0.175,0.343,1
APBB2,0.000884521,-0.413022261,0.858,1,1
ZNF37A,0.000885739,0.483104943,0.417,0.209,1
BANK1,0.000888564,-0.450596743,0.251,0.448,1
TBL1Y,0.000896107,-0.554677808,0.597,0.746,1
PLIN4,0.000898339,-0.398169942,0.787,0.94,1
LRIG3,0.000900304,0.394009385,0.355,0.134,1
S100PBP,0.000907435,0.561694727,0.531,0.313,1
AGBL4,0.000909945,-0.645052521,0.673,0.821,1
RPLP2,0.000913155,-0.310672381,0.474,0.672,1
BCKDHB,0.000915714,0.582451115,0.739,0.612,1
MTSS1,0.000931722,-0.437906231,0.441,0.627,1
METTL15,0.000950362,0.526714772,0.758,0.642,1
ATG12,0.000950493,0.361472269,0.346,0.134,1
CYBRD1,0.000962536,0.600603506,0.716,0.478,1
AC004160.1,0.000965018,-0.356068785,0.853,0.955,1
PELI2,0.000976099,-0.46944514,0.355,0.537,1
LEPR,0.000983455,-0.989863692,0.441,0.612,1
TRIB1,0.000991799,-0.531881435,0.152,0.313,1
RHOA,0.000994787,-0.348926598,0.63,0.761,1
ATRX,0.001005983,0.484108552,0.81,0.716,1
IPMK,0.001006734,-0.304889963,0.161,0.343,1
PHKA2,0.00101451,-0.391272738,0.336,0.522,1
STAT1,0.001025132,0.591970571,0.427,0.209,1
SORT1,0.001034324,-0.538413618,0.63,0.776,1
ATP6V1C1,0.001043991,0.416254016,0.455,0.239,1
NBEA,0.001049273,0.670431872,0.498,0.299,1
SLC4A4,0.001058525,0.674523676,0.678,0.463,1
GNB1,0.001064073,-0.349928611,0.744,0.91,1
SNHG14,0.001067261,0.657657506,0.711,0.612,1
SLC35A3,0.001068763,0.418719587,0.483,0.239,1
MIATNB,0.001079175,0.460242856,0.441,0.224,1
TLE5,0.001083821,0.403730065,0.313,0.104,1
C11orf49,0.001094419,0.609144016,0.55,0.343,1
ARF4,0.00109713,-0.479220984,0.412,0.597,1
CASC3,0.001100621,0.559090959,0.54,0.313,1
PNRC1,0.001101736,-0.398018824,0.246,0.433,1
DST,0.001112365,0.652399627,0.825,0.731,1
BCAR3,0.001131226,-0.563469322,0.592,0.731,1
ACSL4,0.001132762,0.557539918,0.474,0.269,1
ANXA4,0.001154828,0.586362498,0.635,0.433,1
TENM3,0.001161623,-0.426253938,0.815,0.925,1
EBF2,0.001179737,0.608390363,0.9,0.866,1
TMSB4X,0.001202534,0.805455007,0.512,0.299,1
CMPK1,0.001207476,-0.527326478,0.36,0.537,1
ZDHHC21,0.001215661,0.480183378,0.645,0.493,1
EPAS1,0.001231635,-0.551224942,0.403,0.552,1
ZCCHC7,0.00125014,0.467996478,0.872,0.851,1
CHCHD3,0.001253893,-0.603557615,0.668,0.791,1
ACSS2,0.001283245,-0.419293869,0.73,0.866,1
SLC7A2,0.001287825,0.61800624,0.303,0.104,1
ANXA11,0.001295434,-0.481154947,0.479,0.642,1
ACSF2,0.001298634,-0.431396753,0.322,0.537,1
ACTR10,0.001337389,0.522744544,0.493,0.299,1
ABLIM1,0.001346673,-0.391244859,0.81,0.896,1
ANXA1,0.001351331,-0.362126671,0.787,0.881,1
FGD5,0.001357733,0.485063972,0.45,0.194,1
GSE1,0.001383141,-0.441903454,0.839,0.925,1
SKI,0.00139552,-0.546009701,0.749,0.761,1
KIRREL1,0.001395676,-0.540729913,0.664,0.821,1
MYOM1,0.001404226,-0.45167426,0.303,0.493,1
LGALS3,0.001416294,0.457172382,0.474,0.269,1
BCL7A,0.001428899,-0.441325941,0.171,0.343,1
LYRM1,0.001430723,-0.465245169,0.209,0.388,1
GPAM,0.001453478,-0.571315347,0.791,0.91,1
CTCF,0.001458776,0.599551753,0.531,0.343,1
SYCP2L,0.001464337,0.466358053,0.374,0.164,1
MT-ND3,0.00146743,0.401408457,0.645,0.403,1
RAPGEF2,0.001486184,-0.508556603,0.649,0.791,1
RBPJ,0.001497871,0.514692278,0.844,0.701,1
HGSNAT,0.001504029,0.45136209,0.659,0.478,1
S100A6,0.001517789,0.556195081,0.365,0.149,1
TSPAN9,0.001526361,-0.447651898,0.445,0.612,1
RIN2,0.001529261,-0.303527746,0.82,0.925,1
MECOM,0.001533867,-0.392239194,0.825,0.91,1
ZNF586,0.001535588,0.506693908,0.621,0.418,1
ANTXR1,0.001546315,0.621953025,0.616,0.418,1
HAVCR2,0.001550092,0.359290875,0.318,0.119,1
CPED1,0.001551044,-0.396265517,0.645,0.806,1
RFX1,0.001552092,-0.364090564,0.232,0.418,1
PTPRQ,0.001560388,-0.46464542,0.209,0.388,1
MT-ATP6,0.001584112,0.401519348,0.55,0.299,1
SLC2A3,0.00158824,-0.384498165,0.327,0.522,1
PCF11,0.001598142,-0.381311432,0.393,0.552,1
MYADM,0.001637101,-0.39692083,0.469,0.627,1
EVA1C,0.001638403,0.572028326,0.54,0.313,1
PKD2,0.00165171,0.519817377,0.706,0.552,1
TMEM168,0.00165289,0.396770057,0.536,0.299,1
UBE2H,0.00168397,-0.337675905,0.806,0.866,1
MREG,0.001690732,-0.388812474,0.493,0.627,1
PPARG,0.001706527,-0.369861897,0.905,0.955,1
MCM3AP,0.001740425,0.503411959,0.545,0.328,1
UBA6-AS1,0.001742742,0.481887448,0.365,0.164,1
MAP2K1,0.001753111,-0.471646576,0.493,0.672,1
MAMDC2,0.001760682,0.534582147,0.398,0.179,1
TARS,0.001790933,-0.331643141,0.171,0.343,1
HIVEP3,0.001810183,-0.507037105,0.607,0.701,1
SELENOP,0.001814697,0.509649463,0.493,0.269,1
WDPCP,0.001815016,-0.526726136,0.886,0.91,1
MIR193BHG,0.00181521,-0.446407577,0.602,0.761,1
AL591463.1,0.001831276,0.467335651,0.313,0.119,1
MEIS2,0.00186481,0.442968078,0.815,0.776,1
RAB28,0.001867337,0.553569618,0.569,0.358,1
PIN4,0.00188587,0.405518259,0.365,0.164,1
ADAMTS1,0.001889118,-0.436103307,0.237,0.433,1
ARHGAP24,0.001923518,0.535525777,0.853,0.821,1
ZSCAN5A,0.001951022,0.538990883,0.464,0.269,1
CHST3,0.001951232,-0.693418087,0.18,0.343,1
INSR,0.001959839,-0.304596375,0.877,0.94,1
RREB1,0.00199186,-0.394425538,0.801,0.896,1
DPH6-DT,0.002006178,0.549032844,0.374,0.164,1
ROBO2,0.00203121,-0.580117588,0.237,0.418,1
OGT,0.002043669,0.409530376,0.773,0.701,1
UBE2D3,0.002044658,-0.496391371,0.697,0.776,1
BAZ1A,0.002050059,-0.498756053,0.403,0.567,1
ACAP2,0.002052269,-0.346062244,0.64,0.776,1
FNIP2,0.002078976,-0.380753797,0.536,0.716,1
ME1,0.002115232,-0.505092886,0.526,0.672,1
EEPD1,0.002118783,-0.503516726,0.706,0.776,1
PFKFB1,0.002138965,-0.395586071,0.588,0.746,1
GRK3,0.002151109,0.637294544,0.611,0.433,1
PAPOLA,0.002151494,0.386747009,0.592,0.358,1
WASF3,0.002163742,-0.405369627,0.408,0.582,1
RASGRF2,0.002165899,-0.439672164,0.464,0.642,1
PCNX2,0.002172723,0.815040308,0.379,0.194,1
GCN1,0.00221009,-0.309068498,0.294,0.478,1
PNPT1,0.002219732,0.472160436,0.403,0.194,1
COL6A2,0.002227618,0.486995866,0.555,0.328,1
ARID5B,0.002242315,-0.453351339,0.701,0.836,1
RPS6KA2,0.002242556,-0.382733478,0.313,0.478,1
CARMIL1,0.002243062,0.652445194,0.607,0.388,1
ATP1B3,0.002277793,-0.361571512,0.441,0.627,1
FYN,0.002299643,0.552617216,0.806,0.701,1
DPY19L4,0.002301888,0.485090128,0.398,0.194,1
NFIC,0.002308435,-0.330634291,0.877,0.94,1
PCSK5,0.002320124,-0.396302824,0.706,0.806,1
EBF3,0.002338761,-0.329528968,0.597,0.761,1
PRIMPOL,0.002343534,0.414889896,0.374,0.179,1
HMG20A,0.002377571,0.608295546,0.351,0.179,1
UPF3A,0.002391834,0.614062238,0.645,0.433,1
ZNF676,0.002406953,0.366494748,0.341,0.164,1
SDHAF2,0.002441067,0.419122049,0.374,0.164,1
PROCR,0.002459063,0.501011358,0.346,0.149,1
CAAP1,0.002461552,0.429318207,0.36,0.164,1
ANO6,0.002468778,-0.400304774,0.825,0.925,1
ITGB1BP1,0.002488903,0.509196599,0.664,0.552,1
TTC1,0.002490308,0.305231763,0.341,0.149,1
CSPG4,0.002492315,-0.308639062,0.313,0.493,1
NOTCH2NLC,0.002565706,-0.405199632,0.237,0.403,1
AGAP1,0.002566223,0.545805104,0.863,0.821,1
FAM110B,0.002586972,0.572741288,0.455,0.239,1
FOXO3,0.002590979,-0.680277801,0.758,0.836,1
XPR1,0.002598356,-0.470281979,0.464,0.642,1
NASP,0.002599211,0.652520031,0.441,0.269,1
EPB41L1,0.002652504,-0.516327266,0.365,0.552,1
PPP1R10,0.002654174,-0.385149196,0.445,0.582,1
DENND4A,0.002704073,-0.314483851,0.692,0.836,1
GLYAT,0.002705295,-0.360466912,0.289,0.493,1
COL12A1,0.002723926,0.585771483,0.469,0.254,1
SECISBP2L,0.002741683,0.373570068,0.621,0.448,1
FAM20A,0.00274304,0.517489923,0.365,0.179,1
SLC9A9,0.00275301,-0.350702806,0.735,0.851,1
CLMP,0.002757214,-0.457805408,0.834,0.91,1
ME3,0.002778656,-0.434790593,0.417,0.567,1
COX15,0.002794356,0.383736311,0.393,0.179,1
KDM6A,0.002806988,-0.373363977,0.687,0.761,1
ZBTB7C,0.002815328,0.611256042,0.351,0.164,1
ANAPC4,0.002851558,0.438404966,0.379,0.179,1
ARL6IP1,0.002854067,-0.352847309,0.156,0.313,1
ATP6V1D,0.00285987,-0.373983486,0.246,0.418,1
TNFAIP2,0.002865071,0.537034923,0.36,0.179,1
LDHA,0.002876947,-0.407216965,0.308,0.478,1
CDV3,0.002893216,-0.39615741,0.275,0.418,1
LINC02237,0.002908476,0.598199527,0.744,0.731,1
S100A10,0.002952261,0.605063696,0.318,0.134,1
PARP4,0.002953097,0.491048128,0.531,0.343,1
CDC42,0.002954847,-0.421331068,0.445,0.627,1
DENND6A,0.002990679,0.455468116,0.54,0.388,1
BMPR2,0.002992028,-0.340798714,0.773,0.925,1
VCP,0.003006113,-0.368341111,0.346,0.478,1
SLC25A32,0.003030069,0.412642128,0.346,0.164,1
TYRO3,0.003139283,-0.308158516,0.27,0.448,1
TBC1D4,0.003142638,-0.368770454,0.777,0.94,1
AC011287.1,0.003212713,-0.706387053,0.374,0.537,1
LINC01301,0.003235886,-0.372395293,0.427,0.597,1
AC138150.1,0.003238688,0.527113971,0.597,0.448,1
FBXO11,0.003248632,-0.36548006,0.782,0.896,1
NR3C1,0.003253672,-0.386520722,0.81,0.896,1
GNG12-AS1,0.003255743,-0.321139367,0.223,0.403,1
CAPS2,0.003283654,0.476976262,0.559,0.403,1
YWHAE,0.003293322,-0.319450003,0.716,0.866,1
MAPK10,0.003321452,-0.32155749,0.905,0.97,1
ZNF875,0.003328037,0.452358062,0.441,0.239,1
CATSPERB,0.003328479,0.354525301,0.346,0.149,1
YAP1,0.00335369,-0.358095843,0.839,0.896,1
RARS,0.003364946,0.320509031,0.417,0.194,1
MAST4,0.003378956,-0.335038908,0.91,0.97,1
ZNF680,0.003388653,0.451785585,0.564,0.373,1
RTN3,0.00338948,-0.42616805,0.82,0.881,1
TXNRD1,0.00339463,-0.441022485,0.526,0.672,1
PCNX1,0.003395281,0.390059302,0.839,0.731,1
RSBN1,0.00339781,0.382366609,0.346,0.164,1
HDAC4,0.003401366,-0.360074081,0.682,0.776,1
C2orf42,0.003422165,0.36772767,0.346,0.149,1
EIF2AK2,0.00342424,0.511034972,0.592,0.388,1
ADHFE1,0.003457097,0.468187842,0.678,0.537,1
METTL2B,0.003458956,0.440498447,0.55,0.328,1
SIK2,0.00349789,-0.381250698,0.919,1,1
MFSD4B,0.003501263,0.357836548,0.545,0.328,1
RPL41,0.003502717,0.516336342,0.517,0.313,1
AC107223.1,0.00354443,0.507760574,0.427,0.239,1
TENT2,0.003551383,0.390069193,0.82,0.791,1
FAM204A,0.003571119,0.377000289,0.464,0.284,1
NUP153,0.003630739,-0.526220416,0.507,0.672,1
KIAA1841,0.003650339,0.471152513,0.536,0.328,1
ATL3,0.003661057,0.402892874,0.436,0.254,1
USP24,0.003667824,-0.344370511,0.735,0.836,1
RNF157,0.003669525,-0.312982794,0.327,0.507,1
TNFRSF1A,0.003682379,-0.392056561,0.299,0.463,1
SLC38A10,0.003694692,0.35445025,0.431,0.224,1
ADAM12,0.003751227,-0.537086895,0.664,0.761,1
ZBTB8OS,0.003770008,0.44606728,0.645,0.478,1
SLF2,0.003850418,0.415866385,0.592,0.388,1
CTNNA1,0.003876015,-0.402343859,0.754,0.866,1
AR,0.003884756,-0.431126893,0.346,0.507,1
MT-ND5,0.003904999,0.791705905,0.436,0.269,1
FAM126B,0.003914805,-0.375167004,0.673,0.776,1
CAST,0.003921403,-0.353658811,0.706,0.821,1
MAOA,0.003964236,-0.522997335,0.626,0.806,1
TBC1D16,0.003981897,-0.323177391,0.711,0.836,1
B4GALT5,0.0040441,-0.361686943,0.398,0.597,1
LHCGR,0.004056666,-0.459569223,0.194,0.343,1
CPQ,0.004066626,0.569243452,0.82,0.806,1
LARP4B,0.004098248,-0.343659991,0.664,0.791,1
TNFRSF10B,0.00417791,-0.381444048,0.223,0.388,1
AC073475.1,0.00417827,0.563986117,0.564,0.373,1
WWTR1,0.004257534,-0.418424025,0.573,0.731,1
LIPE-AS1,0.004275709,-0.438996657,0.796,0.91,1
KCMF1,0.004276554,-0.475588712,0.559,0.701,1
TCF7L2,0.004288084,-0.382588915,0.9,0.97,1
MEIS1,0.004367483,0.439827251,0.749,0.672,1
ACSS3,0.00441877,0.657666159,0.692,0.701,1
KPNA1,0.004432711,0.354976009,0.507,0.299,1
UBE2G1,0.004434121,-0.413583863,0.464,0.612,1
SLC25A25,0.004450969,-0.46673344,0.204,0.373,1
CEP162,0.004484931,0.302980229,0.322,0.134,1
LNPK,0.004504517,0.401875189,0.403,0.194,1
FNTA,0.004510747,0.457732414,0.431,0.254,1
CRY2,0.004528998,-0.422838563,0.474,0.612,1
PPP1R12B,0.004560107,-0.35268674,0.787,0.925,1
FGD4,0.004585377,-0.388951715,0.673,0.821,1
CARS,0.004617251,-0.331860984,0.213,0.373,1
ZFAND5,0.004628895,-0.355761342,0.474,0.627,1
FTL,0.004642729,-0.318823585,0.327,0.493,1
PGRMC2,0.004647978,0.471378661,0.455,0.284,1
KRBOX4,0.004672888,0.370628678,0.365,0.179,1
CDK13,0.004674979,0.357921146,0.848,0.791,1
CCDC47,0.004692176,-0.347461468,0.294,0.433,1
DMTF1,0.004698505,0.47779374,0.592,0.478,1
EIF4G1,0.004714743,-0.509046553,0.384,0.522,1
PCGF6,0.004752192,0.370139244,0.351,0.179,1
MPHOSPH9,0.004753937,0.353609326,0.431,0.224,1
ZNF302,0.004807896,0.346434856,0.37,0.179,1
RLF,0.0048559,-0.411391275,0.559,0.672,1
RGS6,0.004891971,0.440424226,0.303,0.119,1
CUL1,0.004899353,-0.347206146,0.592,0.716,1
RRBP1,0.004934571,-0.301730109,0.55,0.672,1
NUDT5,0.004942362,0.397022757,0.408,0.224,1
PALMD,0.004951091,-0.377751082,0.758,0.866,1
DPYSL2,0.004979595,0.465301176,0.578,0.373,1
GABPA,0.004986162,0.356106388,0.327,0.149,1
KCNIP2,0.004986424,-0.313704151,0.73,0.866,1
AC012291.3,0.005027265,-0.42014902,0.341,0.507,1
CCDC80,0.005040422,0.639296021,0.834,0.657,1
NIPSNAP2,0.005093696,0.381294403,0.479,0.284,1
YWHAQ,0.00510896,-0.365073261,0.398,0.537,1
AP001528.1,0.005109774,-0.324196857,0.725,0.851,1
BTBD2,0.005120614,-0.607098222,0.398,0.522,1
PDXDC1,0.005129562,-0.377782218,0.531,0.672,1
TM7SF3,0.005141175,0.52502872,0.531,0.343,1
NDUFV2,0.005193592,0.322500253,0.327,0.149,1
RPS8,0.005259373,0.437549,0.408,0.209,1
RALGPS2,0.005262972,0.501532633,0.332,0.164,1
TMEM14B,0.005273225,0.489401517,0.768,0.657,1
TMEM164,0.005285616,-0.591984084,0.659,0.806,1
LDB2,0.005309797,-0.354169968,0.597,0.731,1
SUCLG2,0.005323499,0.451875629,0.697,0.567,1
CEP57L1,0.005399294,0.417371784,0.374,0.194,1
PAFAH1B2,0.005417455,-0.312044829,0.445,0.597,1
MPP5,0.005426521,-0.302183839,0.455,0.612,1
LINC02615,0.005456398,-0.360718955,0.621,0.806,1
CYSTM1,0.005472161,-0.449803157,0.682,0.776,1
ANKAR,0.005487466,0.430441716,0.607,0.433,1
MAPK8IP3,0.005499295,-0.409557586,0.431,0.567,1
HADHB,0.005604786,-0.329820971,0.526,0.642,1
CEP290,0.005686805,0.45654664,0.398,0.239,1
PPP4R1,0.005732537,0.377764116,0.493,0.299,1
ATG14,0.005738364,0.373836777,0.507,0.313,1
MT-ND1,0.005754091,0.477736924,0.479,0.284,1
SORL1,0.005785187,-0.346773584,0.227,0.388,1
APPBP2,0.005814268,-0.301004856,0.692,0.836,1
GBF1,0.005823158,-0.322816605,0.678,0.821,1
AC245060.5,0.005962041,0.356676867,0.351,0.164,1
COBLL1,0.005992378,-0.404388824,0.829,0.851,1
CORO1C,0.006009811,-0.376576208,0.54,0.672,1
C3,0.006064814,0.564565762,0.863,0.701,1
DAB1,0.006069784,-0.499278026,0.318,0.493,1
LTBP4,0.006085964,0.65454311,0.479,0.299,1
MEF2D,0.006183395,-0.425725923,0.327,0.463,1
CLK4,0.006183947,0.478616972,0.403,0.239,1
AUTS2,0.006205215,0.312062544,1,1,1
GLCE,0.006209762,0.389292834,0.384,0.194,1
CALCRL,0.006271617,0.780863012,0.621,0.463,1
HACL1,0.006324342,0.445233209,0.46,0.284,1
ACO1,0.006422498,-0.362590268,0.635,0.746,1
LIN52,0.006432805,0.432302803,0.531,0.343,1
AFTPH,0.006469357,0.401503563,0.483,0.299,1
MTHFD1L,0.006474673,0.651318566,0.313,0.149,1
FBXW2,0.006494046,0.368301452,0.389,0.209,1
TTC17,0.006536294,0.392188036,0.787,0.746,1
HMGN3,0.006552156,0.351352562,0.46,0.284,1
ITPR3,0.006563362,0.608046153,0.351,0.194,1
MYOF,0.006567473,0.450293267,0.526,0.313,1
WSB1,0.006593024,0.412625375,0.825,0.866,1
ADGRD1,0.006610997,0.504528917,0.393,0.224,1
RUFY3,0.006616422,0.402535914,0.768,0.612,1
SGPP1,0.006693048,0.38543367,0.393,0.224,1
HNRNPR,0.006698118,0.508754021,0.621,0.478,1
LINC01697,0.006799945,0.47161434,0.469,0.299,1
PARL,0.006832164,0.369425234,0.36,0.179,1
ZFP64,0.006981404,0.321690704,0.46,0.269,1
TIMMDC1,0.006999764,0.342022974,0.365,0.194,1
CFLAR,0.007041549,-0.330403576,0.801,0.881,1
ST7L,0.007052725,0.454724146,0.583,0.388,1
GIGYF1,0.007076513,0.389562156,0.403,0.209,1
SLX4IP,0.007112548,0.466224511,0.441,0.284,1
MTCH2,0.007129488,0.41674088,0.521,0.343,1
HLA-E,0.007139761,-0.370848628,0.171,0.313,1
CAMK2D,0.007139781,0.360183657,0.81,0.806,1
JARID2,0.007187199,-0.484783529,0.635,0.701,1
CCDC125,0.007264387,0.40392636,0.507,0.313,1
AIFM2,0.007265314,-0.437076426,0.555,0.642,1
LINC02062,0.007311203,0.408756649,0.474,0.299,1
CCDC18-AS1,0.007347996,0.420970462,0.73,0.597,1
LMO7,0.007351047,0.391912411,0.313,0.149,1
FILIP1,0.007352792,0.402199908,0.469,0.284,1
UBQLN1,0.007439129,-0.412582373,0.441,0.582,1
SIN3A,0.007559036,-0.316698467,0.46,0.627,1
XPO4,0.007566645,0.436238689,0.626,0.418,1
INPP4B,0.007568325,-0.39439013,0.261,0.448,1
KLF9,0.007588431,-0.451560058,0.327,0.463,1
KRIT1,0.007595149,0.397872569,0.588,0.418,1
HTRA3,0.007671198,0.50233429,0.389,0.209,1
THOC1,0.007722855,0.394581152,0.408,0.224,1
NUP214,0.007814784,0.464934286,0.54,0.373,1
GLIS3,0.007852327,0.451055323,0.63,0.478,1
HDAC7,0.007923763,0.447315975,0.479,0.284,1
RTN4RL1,0.007939036,-0.408545439,0.308,0.478,1
ITPRID2,0.008010527,0.361649468,0.313,0.149,1
BLCAP,0.008022075,-0.338288632,0.502,0.642,1
GLS,0.008150745,0.466346801,0.754,0.612,1
SLC35E3,0.008167046,0.397162531,0.346,0.179,1
PPP2R5A,0.00818764,-0.579540637,0.782,0.91,1
TMED5,0.008205641,-0.410524727,0.441,0.537,1
FAM89A,0.008314777,-0.31356563,0.332,0.478,1
STK17B,0.008372234,-0.436854461,0.209,0.343,1
VGLL4,0.008410748,-0.367600564,0.754,0.821,1
LARP1B,0.008418802,0.508090956,0.536,0.388,1
STXBP1,0.0084386,0.414209172,0.735,0.642,1
BSDC1,0.008439034,0.365479009,0.564,0.358,1
FAM107B,0.008444183,-0.448514524,0.678,0.761,1
DUSP1,0.008485341,-0.33739105,0.379,0.537,1
MACROD2,0.008540466,0.457226596,0.725,0.657,1
HSPB11,0.008541341,0.344884977,0.322,0.149,1
PDIA3,0.008625547,-0.305457965,0.289,0.433,1
LAMA2,0.008667757,-0.411231597,0.867,0.91,1
RAB31,0.008675488,-0.483628496,0.294,0.433,1
TLE4,0.008706333,-0.337934052,0.204,0.343,1
PTPN3,0.008821948,-0.323577687,0.246,0.388,1
TWIST1,0.008828555,0.409975264,0.469,0.313,1
B2M,0.008858245,0.636776218,0.592,0.433,1
SMARCA5,0.008901669,-0.462433271,0.322,0.463,1
EYA1,0.008953864,-0.369629754,0.464,0.642,1
SH3BP5,0.009008762,-0.384542985,0.479,0.642,1
AC245297.3,0.00900898,-0.331838164,0.308,0.463,1
PDK4,0.009024202,0.638906337,0.773,0.701,1
NR3C2,0.009034639,0.452780599,0.749,0.672,1
DPY30,0.00913101,0.317585891,0.308,0.149,1
FOCAD,0.00920715,0.43309775,0.692,0.522,1
GLCCI1,0.009235692,0.371628413,0.649,0.567,1
MCAM,0.009242855,-0.397933262,0.341,0.478,1
UBN1,0.009325827,0.306027707,0.517,0.299,1
ARID4B,0.009327031,-0.333740753,0.754,0.881,1
RFX2,0.00942939,-0.341850167,0.427,0.582,1
ALDH1L1,0.009451995,-0.451826269,0.498,0.612,1
TRMT61B,0.00951892,0.333454686,0.327,0.164,1
MFSD8,0.009691054,0.346524653,0.355,0.179,1
RNF145,0.009697811,0.41893005,0.379,0.209,1
KIAA0232,0.009715606,-0.312773413,0.697,0.791,1
RGL1,0.009722082,0.444257459,0.578,0.388,1
SLC25A12,0.009741962,-0.532801197,0.45,0.537,1
SEC24A,0.009742494,-0.312619001,0.422,0.567,1
ATP5MC2,0.009754058,0.393182595,0.36,0.194,1
PRH1,0.009787155,0.429554656,0.559,0.418,1
USP36,0.009816132,-0.418270589,0.455,0.582,1
AGPAT3,0.009841559,-0.328757586,0.464,0.582,1
AHDC1,0.009918993,0.560894406,0.545,0.373,1
IRS2,0.009969905,0.523794409,0.739,0.806,1
TBC1D12,0.010015917,0.618866803,0.502,0.358,1
NSD3,0.010019141,0.480803229,0.716,0.687,1
ANKRD10,0.010043927,0.519348115,0.578,0.448,1
AFDN,0.010078969,0.407987225,0.564,0.403,1
ERGIC3,0.010109501,0.331679786,0.318,0.149,1
CFAP44,0.010140883,0.353624537,0.398,0.224,1
ZNF91,0.010329052,0.358843281,0.716,0.567,1
TRAPPC11,0.010333815,0.379049391,0.389,0.224,1
AC104806.2,0.010385109,0.330606033,0.318,0.164,1
RBBP6,0.010434865,-0.356209952,0.408,0.552,1
CDC27,0.010455154,-0.318190826,0.555,0.687,1
SPEN,0.010460099,-0.342208863,0.602,0.716,1
TMEM184B,0.010477441,-0.377759725,0.332,0.463,1
RAD51-AS1,0.010586822,0.413760688,0.346,0.194,1
DISP1,0.010662559,0.46713962,0.341,0.179,1
COL6A3,0.010791518,0.656280898,0.645,0.537,1
BMP1,0.010824207,-0.401556264,0.209,0.343,1
CTPS2,0.010840697,0.336383682,0.346,0.179,1
MRPL20,0.010842513,0.344396196,0.318,0.149,1
ATP5MG,0.010865791,-0.379660035,0.194,0.313,1
CCDC186,0.010870245,0.318601755,0.308,0.149,1
HADHA,0.010889303,-0.381806616,0.403,0.522,1
ZC2HC1A,0.010960514,0.448090868,0.389,0.224,1
DLGAP2,0.011003126,0.497402468,0.36,0.209,1
HM13,0.011022423,-0.329301313,0.427,0.567,1
CNTFR,0.011035882,-0.407453015,0.384,0.522,1
RALGPS1,0.011087647,0.3477602,0.303,0.149,1
DDB2,0.011152511,0.386611264,0.521,0.328,1
AIG1,0.011187358,-0.330949727,0.592,0.761,1
MIDN,0.011213187,-0.382079432,0.289,0.418,1
TAF15,0.011398793,0.310138098,0.73,0.687,1
LINCADL,0.011463912,0.42212314,0.46,0.313,1
SERGEF,0.011564097,0.327409186,0.327,0.164,1
UBR1,0.011577849,-0.312300614,0.649,0.731,1
CNTRL,0.011581704,0.365076053,0.417,0.239,1
CEP95,0.011773177,0.335951428,0.483,0.313,1
TET1,0.011823039,0.442281374,0.578,0.418,1
FAM149B1,0.011973903,0.304911454,0.379,0.224,1
TRMT2B,0.012121012,0.359755315,0.36,0.194,1
LUZP1,0.012243189,-0.34416295,0.436,0.552,1
SLC38A9,0.012247912,0.356670526,0.493,0.328,1
CAP1,0.012281312,-0.458167638,0.275,0.403,1
SLCO3A1,0.012300548,0.380554944,0.621,0.478,1
MAP2K2,0.012369054,0.323678786,0.327,0.179,1
AC005562.1,0.012519997,0.352160614,0.441,0.269,1
PURA,0.012602697,0.387387798,0.417,0.269,1
OXCT1,0.012605762,0.401673032,0.45,0.299,1
OGA,0.012646972,-0.387642839,0.886,0.97,1
PARP11,0.01276825,0.35697679,0.374,0.224,1
ZNF248,0.012879419,0.492720036,0.573,0.433,1
OIP5-AS1,0.01289698,0.449714585,0.507,0.358,1
RPL28,0.012914683,0.518075116,0.355,0.194,1
PABPC1,0.012931081,-0.315998093,0.621,0.701,1
MTRNR2L12,0.012962135,-0.454363393,0.275,0.433,1
HEATR5A,0.012963568,0.479535506,0.668,0.552,1
ARMH4,0.01312336,0.370418783,0.507,0.328,1
MYO9A,0.013277282,0.344331458,0.829,0.821,1
AC016821.1,0.013332874,-0.377964868,0.246,0.373,1
TRIM4,0.01336361,0.355887811,0.384,0.224,1
CSPP1,0.013424195,0.302980756,0.521,0.343,1
UGP2,0.013479447,-0.425344539,0.649,0.746,1
NR4A3,0.013644675,-0.309525491,0.185,0.328,1
CALB2,0.013740374,0.387257657,0.332,0.179,1
DAPK2,0.01383388,-0.387127491,0.621,0.716,1
WDR20,0.014001878,0.338749512,0.796,0.761,1
TNNI3K,0.014059106,0.35941507,0.441,0.269,1
TATDN3,0.014088511,0.40023262,0.365,0.224,1
PON2,0.014118183,0.375278823,0.322,0.179,1
SMIM8,0.014196899,0.302366798,0.408,0.239,1
NDFIP1,0.01422714,-0.322649835,0.659,0.791,1
SIPA1L1,0.01424721,-0.363237252,0.621,0.746,1
PPM1B,0.014268815,-0.438901621,0.645,0.761,1
ZRANB3,0.014349095,0.391409581,0.531,0.388,1
ZNF721,0.014423206,0.35199338,0.654,0.552,1
SMIM7,0.014430317,0.381551915,0.583,0.418,1
BTBD7,0.014464283,0.324921422,0.602,0.448,1
MAP3K13,0.014522046,-0.394315361,0.275,0.403,1
KLB,0.014571898,0.511741729,0.63,0.567,1
USO1,0.014597815,0.448404273,0.659,0.522,1
ZNF397,0.014611579,0.402839922,0.318,0.179,1
LINC00278,0.014728783,0.404488404,0.891,0.91,1
SLC38A6,0.014816871,0.343730941,0.479,0.299,1
PACRGL,0.014890176,0.315747329,0.318,0.164,1
GALNT1,0.014934357,-0.391431008,0.374,0.507,1
PLOD2,0.014972284,-0.346926339,0.455,0.582,1
RPS6KA5,0.015257137,-0.399441643,0.384,0.493,1
NUP98,0.015294165,-0.343471348,0.668,0.746,1
TRIM33,0.015326381,0.343635567,0.602,0.433,1
ENTPD3-AS1,0.015347797,0.376590915,0.408,0.254,1
ABCC5,0.015457047,0.331545827,0.389,0.209,1
C1GALT1,0.015625575,0.336026944,0.365,0.209,1
RABEPK,0.015762852,0.399754172,0.436,0.284,1
ANKS3,0.015796664,0.409192415,0.374,0.224,1
SNAPC3,0.015841585,0.444825589,0.37,0.239,1
KCND3,0.015860001,-0.378139193,0.28,0.433,1
ADAR,0.015889108,0.3667751,0.422,0.269,1
MYH9,0.016110187,-0.407475011,0.45,0.567,1
CCNH,0.016182529,-0.318923318,0.73,0.851,1
POM121,0.016376371,-0.342688511,0.592,0.701,1
EIF4G2,0.016409594,-0.403090847,0.365,0.493,1
WDR82,0.01645502,0.318887691,0.45,0.269,1
CNTN3,0.016515198,-0.450878892,0.185,0.313,1
TRA2A,0.016523325,0.319282952,0.796,0.672,1
C1S,0.016577525,0.4578246,0.569,0.418,1
ZNF138,0.016619602,0.37586538,0.308,0.164,1
EIF1,0.016702889,-0.437919889,0.36,0.478,1
XAF1,0.016736309,0.456588183,0.36,0.224,1
CASC4,0.016902957,0.472829944,0.63,0.493,1
KCTD3,0.016904162,0.402073735,0.493,0.343,1
IST1,0.016985808,0.345462016,0.573,0.433,1
ADAMTS5,0.017124752,0.614132974,0.569,0.463,1
ALG13,0.017162728,0.420021168,0.649,0.537,1
STX17,0.017316932,0.347412793,0.445,0.269,1
KCTD9,0.017333629,0.306313596,0.408,0.239,1
GALNT7,0.0173378,0.460026327,0.308,0.164,1
LINC01184,0.017382467,0.45058632,0.573,0.448,1
RPS6,0.017425677,0.465747317,0.422,0.269,1
AHR,0.017478174,0.439316817,0.417,0.254,1
SPART,0.017573944,0.301139859,0.555,0.388,1
SLC12A6,0.017723758,0.453516613,0.389,0.254,1
PTPRA,0.017750325,0.373835003,0.806,0.701,1
ZBTB38,0.017805987,0.451193296,0.564,0.388,1
MTFR1,0.017833861,0.367658182,0.384,0.224,1
TRAM1,0.017921702,0.332132817,0.303,0.149,1
KANTR,0.017934555,0.415204025,0.464,0.313,1
CRIM1,0.017935801,-0.634000708,0.725,0.716,1
LARS2,0.018011907,0.317597832,0.355,0.209,1
LINC00476,0.018237407,0.431888486,0.318,0.179,1
ARGLU1,0.01824881,0.335201534,0.787,0.612,1
HP1BP3,0.01825727,0.381933749,0.739,0.627,1
NCBP3,0.018356253,0.342371445,0.403,0.254,1
ABHD18,0.018482523,0.464609399,0.559,0.433,1
PAXBP1,0.018552728,0.410280839,0.521,0.358,1
SULF1,0.018584191,0.560445211,0.621,0.463,1
SCAF8,0.018595499,0.3418355,0.749,0.672,1
FGF2,0.018630534,0.334372789,0.569,0.463,1
GTF3C2,0.018669495,0.386455974,0.474,0.313,1
NXN,0.018698848,0.492438246,0.374,0.224,1
MEF2A,0.018814336,0.301396687,0.806,0.761,1
NCL,0.018876928,-0.455758959,0.379,0.507,1
RPS12,0.019021334,0.667159424,0.379,0.254,1
YIPF4,0.019048769,0.393698039,0.63,0.463,1
ACOX1,0.01908305,-0.367154994,0.479,0.567,1
USP53,0.019099653,-0.413948889,0.611,0.701,1
SLC30A9,0.019113964,0.306461937,0.555,0.433,1
CBR4,0.019324222,0.373910152,0.564,0.418,1
AL390957.1,0.019419828,0.47564184,0.327,0.194,1
UBE2V1,0.019429273,0.330477304,0.445,0.299,1
ODF2L,0.019564449,0.411155664,0.602,0.463,1
WDR59,0.019572512,0.414742394,0.597,0.463,1
PRDM6,0.019873506,0.40685691,0.55,0.388,1
MSANTD2,0.020025846,0.382651166,0.303,0.164,1
KLHL29,0.020220271,-0.339006167,0.697,0.776,1
ELF2,0.020525631,0.331253245,0.872,0.791,1
SLC35E1,0.020597749,-0.377662226,0.275,0.388,1
DNMBP,0.020782051,0.339683725,0.559,0.418,1
IFT52,0.020798536,-0.347517672,0.303,0.433,1
GNPAT,0.020855436,0.335503669,0.308,0.164,1
TLN2,0.020890103,0.323681617,0.905,0.97,1
CHP1,0.020952338,-0.409040064,0.422,0.567,1
CAPN7,0.021009061,0.36957733,0.659,0.522,1
C11orf54,0.021219194,0.361446904,0.389,0.239,1
RNF215,0.02122473,0.335579446,0.474,0.299,1
CAMK2G,0.021242937,0.396248601,0.341,0.209,1
TGFBR3,0.021303833,-0.513730085,0.81,0.806,1
C11orf58,0.021330073,0.371817435,0.479,0.328,1
ADGRA3,0.021511839,0.40342493,0.573,0.433,1
UBN2,0.02158884,0.330431318,0.649,0.493,1
DPH6,0.021649106,0.342244412,0.635,0.493,1
PIK3CA,0.021821641,0.355885516,0.55,0.388,1
ARHGAP6,0.021922253,0.641486991,0.488,0.358,1
ZNF846,0.021977103,0.368225842,0.483,0.328,1
INTS1,0.022187002,-0.403774329,0.204,0.313,1
AKAP8L,0.022230149,0.344585652,0.569,0.418,1
ANAPC7,0.02223793,0.346569041,0.398,0.254,1
DHRS7B,0.022333751,-0.311527797,0.398,0.552,1
ZBTB1,0.022478469,0.418268502,0.583,0.463,1
VPS41,0.022485751,0.341676825,0.536,0.358,1
L3MBTL4,0.022541123,0.329687472,0.436,0.269,1
FABP4,0.02254295,-0.330075429,0.801,0.955,1
WDSUB1,0.022546678,0.359356938,0.464,0.299,1
COL1A2,0.022593156,0.571985303,0.626,0.522,1
DEAF1,0.022780714,0.32417645,0.412,0.239,1
HNRNPL,0.022902384,-0.340944182,0.445,0.507,1
CNST,0.022931241,-0.315302112,0.469,0.567,1
ZRANB1,0.023043776,-0.377227177,0.464,0.582,1
SLTM,0.0230621,-0.307101464,0.791,0.91,1
SND1,0.023066522,-0.303574439,0.664,0.791,1
PHF14,0.02310136,0.477583271,0.673,0.627,1
MORC2,0.023234415,0.339420649,0.341,0.209,1
CAPN2,0.023278827,0.318098798,0.441,0.284,1
MINDY3,0.023328313,0.381393028,0.498,0.358,1
RBM26,0.023343944,0.424755316,0.768,0.731,1
RAC1,0.023431803,0.40283372,0.469,0.313,1
AHI1,0.02356811,0.375133587,0.777,0.687,1
SOGA1,0.023578495,0.409469504,0.559,0.418,1
PCBP1-AS1,0.023654262,0.380794296,0.673,0.567,1
RASSF8,0.023728438,0.441117134,0.55,0.433,1
BCLAF3,0.023792017,0.371137364,0.445,0.313,1
MAP3K1,0.023793924,-0.314608095,0.422,0.537,1
COA1,0.023975798,0.484567301,0.583,0.463,1
ARHGAP12,0.024134123,0.393343741,0.659,0.507,1
ALOX12-AS1,0.024142361,0.439501276,0.46,0.313,1
BRI3,0.024292811,0.359359422,0.393,0.254,1
CEPT1,0.02456343,0.384845114,0.517,0.388,1
ZNF451,0.024578039,0.333647329,0.569,0.403,1
MRPS31,0.024599336,0.380311596,0.365,0.224,1
AAMDC,0.024599468,0.343587344,0.564,0.388,1
KLF13,0.02478956,-0.305160055,0.318,0.448,1
FBLN1,0.024929122,0.583701654,0.787,0.746,1
FTH1,0.025252943,-0.388945009,0.422,0.537,1
PLXDC2,0.025402761,0.334301724,0.924,0.761,1
PTBP2,0.025438345,0.393734933,0.697,0.597,1
SPATA5,0.025463854,0.467949483,0.597,0.463,1
CCAR1,0.025742032,0.395988438,0.668,0.537,1
RSF1,0.025759622,0.452377947,0.701,0.567,1
PLAAT5,0.025803212,0.353570619,0.327,0.194,1
ATP1A2,0.025958071,-0.305577156,0.199,0.328,1
CASD1,0.025964242,0.423771441,0.464,0.328,1
TRABD2B,0.026003069,0.383599471,0.308,0.164,1
KIAA0586,0.026333095,0.306948448,0.412,0.284,1
MORC4,0.026455948,-0.343022939,0.336,0.448,1
LARP4,0.026762485,-0.354777862,0.592,0.657,1
KLHL13,0.026871633,0.496395857,0.398,0.254,1
RBL2,0.02698515,0.37292835,0.521,0.388,1
RPL3,0.02717904,0.417548656,0.403,0.254,1
RESF1,0.027254476,0.388012303,0.355,0.224,1
NLGN4Y,0.027274876,0.34507267,0.303,0.164,1
AFF3,0.027311589,0.400724563,0.635,0.507,1
GASK1A,0.027327734,0.352704901,0.36,0.209,1
ZC3H13,0.02761796,0.434710092,0.626,0.478,1
GKAP1,0.027631716,0.305144428,0.384,0.224,1
ARHGEF7,0.027721099,-0.335471966,0.701,0.791,1
CCDC7,0.027740822,0.363996971,0.64,0.478,1
SRP19,0.027760062,0.300559949,0.332,0.194,1
ADAMTS12,0.027893982,-0.336076872,0.739,0.851,1
CALM1,0.028050617,-0.317263456,0.299,0.433,1
CDC14B,0.028276085,0.355346655,0.659,0.567,1
VPS4B,0.02867046,0.304621368,0.393,0.239,1
GABPB2,0.028758413,0.379730701,0.777,0.687,1
FNBP4,0.028759812,0.426449354,0.716,0.612,1
EDEM3,0.028784931,0.373249508,0.479,0.343,1
TCEA1,0.028821422,0.344842779,0.483,0.343,1
RBM33,0.029019448,0.372488081,0.706,0.642,1
JUNB,0.029080808,-0.303371662,0.389,0.493,1
TIA1,0.029092833,0.341934125,0.341,0.209,1
SENP2,0.029158489,0.407835347,0.436,0.299,1
ATP10A,0.029269377,-0.497542314,0.327,0.448,1
SLC25A42,0.029789613,-0.527366493,0.341,0.433,1
TTC28-AS1,0.029803066,0.334297476,0.318,0.194,1
IMPAD1,0.029836415,-0.351770167,0.327,0.433,1
MBD5,0.029909557,0.336988511,0.82,0.881,1
C8orf76,0.030100909,0.338967289,0.422,0.284,1
MLLT3,0.030127227,0.427608352,0.55,0.418,1
MYO5A,0.030159457,0.387503587,0.493,0.343,1
ZNF410,0.030188485,-0.302231649,0.393,0.522,1
ZFAND6,0.030363024,-0.370142372,0.81,0.866,1
ANXA6,0.030467036,-0.394712387,0.422,0.507,1
GULP1,0.030484953,-0.345494033,0.393,0.522,1
C2CD5,0.030591506,0.354351638,0.526,0.388,1
WDR45B,0.030718988,0.406246975,0.436,0.299,1
PRELID2,0.030837849,0.408695995,0.55,0.418,1
BTD,0.030937783,0.375034258,0.659,0.582,1
USF3,0.031198177,0.312223437,0.341,0.209,1
LRRIQ3,0.031459307,0.333907447,0.408,0.269,1
ELP3,0.031497606,0.357548341,0.365,0.224,1
TMEM245,0.03153557,0.458813574,0.626,0.478,1
DCLK1,0.031654365,0.317188638,0.82,0.687,1
HIVEP1,0.031741702,-0.358484637,0.545,0.657,1
SEC22B,0.031961478,0.360377906,0.355,0.224,1
DDX6,0.032269487,0.32050121,0.573,0.388,1
INTS8,0.032621271,0.400646195,0.313,0.179,1
DAPK3,0.03262976,-0.319645752,0.199,0.313,1
PHACTR4,0.032768829,0.514240792,0.673,0.597,1
PUM2,0.032863154,0.443286505,0.758,0.716,1
PPA1,0.033152392,-0.42116667,0.46,0.582,1
RFX3,0.033215703,-0.396795539,0.474,0.582,1
ASAP2,0.033488888,0.352625797,0.796,0.687,1
ALPK1,0.033718527,0.448588772,0.531,0.418,1
TDG,0.033831912,0.347165588,0.332,0.209,1
MRPS5,0.033943553,0.334275827,0.318,0.179,1
PALLD,0.034210536,0.451953369,0.427,0.284,1
GPD2,0.034352648,-0.419796232,0.536,0.612,1
NR1D2,0.034379867,0.378172877,0.341,0.224,1
ABCC9,0.034407732,-0.410323725,0.256,0.373,1
APPL1,0.034547739,0.350383839,0.427,0.284,1
GANC,0.034776658,0.356386659,0.384,0.254,1
PKN2,0.034850314,0.32337947,0.81,0.836,1
METAP1D,0.034863972,0.37333185,0.374,0.254,1
TRIM66,0.034877915,0.316791788,0.493,0.358,1
PGM1,0.034914722,-0.30056123,0.412,0.507,1
MAX,0.035012824,0.412332285,0.408,0.284,1
ATP9A,0.035055977,-0.328585861,0.73,0.836,1
SPG7,0.035157583,0.350248777,0.673,0.507,1
RBBP4,0.035423452,0.308587763,0.488,0.343,1
SMIM3,0.035439967,-0.386296633,0.232,0.328,1
PALM,0.035683184,0.380387124,0.701,0.627,1
HNRNPDL,0.035706328,0.301257944,0.526,0.373,1
KATNBL1,0.036435297,0.416314924,0.611,0.493,1
NAA16,0.036465264,0.343666926,0.374,0.224,1
ARMCX4,0.036502348,0.389553078,0.621,0.507,1
PXDNL,0.036720409,0.755776802,0.422,0.299,1
RPL22,0.03708009,0.457639478,0.417,0.284,1
AEBP2,0.037114416,0.421854761,0.635,0.552,1
IMMT,0.037246007,0.37139096,0.512,0.403,1
PTS,0.037274305,0.321679543,0.374,0.239,1
DDX3X,0.037510827,-0.405234644,0.583,0.657,1
FUT8,0.037664913,0.363637762,0.621,0.522,1
EEA1,0.038410178,0.336226674,0.763,0.701,1
TXNDC11,0.038503401,-0.354630522,0.403,0.478,1
ZNF655,0.038683644,0.332115395,0.55,0.418,1
TMOD3,0.039044983,0.383434007,0.517,0.358,1
MTERF1,0.039278319,0.447709969,0.564,0.478,1
GOSR1,0.039349585,0.350680883,0.602,0.418,1
CRTC3,0.039602872,-0.456246757,0.607,0.687,1
PARP6,0.040017381,0.30592156,0.422,0.284,1
C20orf194,0.04030869,0.421819851,0.706,0.582,1
CASP8AP2,0.04031073,0.423679043,0.412,0.284,1
POLR3B,0.04031633,-0.36356456,0.209,0.313,1
FBXL17,0.040426669,0.361909759,0.815,0.836,1
NEK1,0.040496458,0.362032824,0.502,0.403,1
ZNF33A,0.040585793,0.440927254,0.578,0.493,1
LSAMP,0.040671745,0.544398398,0.654,0.507,1
SEC31B,0.040825569,0.336538937,0.389,0.269,1
ULK4,0.041060362,0.387071908,0.573,0.448,1
KAZN,0.041178132,0.37434308,0.948,0.985,1
EZH1,0.041217926,0.409229858,0.63,0.537,1
TJP1,0.041301081,-0.369219219,0.64,0.701,1
PTK2B,0.042242693,0.316633614,0.384,0.269,1
GIPC1,0.042274514,0.317588116,0.469,0.313,1
RPN2,0.042583631,0.354172634,0.365,0.224,1
C16orf72,0.042646708,-0.3501555,0.213,0.313,1
SPG11,0.042712472,0.352982042,0.649,0.552,1
SS18,0.042862802,0.361135152,0.531,0.403,1
CAPRIN1,0.042964317,0.403255991,0.436,0.313,1
LINC00882,0.043710058,0.440272498,0.384,0.269,1
TCF25,0.043832684,0.385451826,0.701,0.612,1
ZNF141,0.043936887,0.305923659,0.408,0.269,1
RNF217,0.044158246,0.402214234,0.611,0.478,1
RASA2,0.044246894,0.410228019,0.573,0.448,1
DAAM2,0.044381776,-0.343814988,0.308,0.418,1
NBR1,0.044723029,0.340315881,0.469,0.328,1
C1R,0.044854778,0.382931852,0.403,0.254,1
TUBGCP3,0.044910239,0.310027795,0.483,0.328,1
CHPT1,0.04502751,0.432472572,0.474,0.373,1
SLC19A3,0.045229574,0.559097522,0.744,0.806,1
SLK,0.045403103,0.303670256,0.469,0.358,1
APMAP,0.045548908,0.340121481,0.483,0.358,1
SDC2,0.045581028,-0.361936374,0.749,0.806,1
TAB2,0.045645423,0.351930062,0.592,0.507,1
BRWD1,0.04586862,0.301753017,0.758,0.716,1
LPL,0.046987362,0.591892655,0.768,0.806,1
HNRNPK,0.047582623,-0.50316492,0.36,0.433,1
CCDC36,0.048157118,-0.328670395,0.441,0.537,1
INPP5F,0.048360244,0.311158042,0.36,0.224,1
MCCC2,0.048410526,0.364064181,0.512,0.388,1
TMEM91,0.04844063,0.376825879,0.341,0.209,1
AGPAT2,0.048800057,-0.383227305,0.588,0.687,1
DHDDS,0.049378815,-0.323296844,0.536,0.582,1
TIAM1,0.049776705,0.430458741,0.322,0.209,1
FAM193B,0.050148534,0.324323442,0.45,0.328,1
CROCC,0.05016292,0.304640809,0.341,0.209,1
NOVA1,0.050163875,0.350517885,0.701,0.582,1
DPYSL3,0.050284331,-0.301380328,0.445,0.552,1
GTF2IRD1,0.05080821,-0.381701887,0.417,0.507,1
CD36,0.051031729,0.399809468,0.929,0.955,1
WIPF1,0.051344148,0.34203946,0.536,0.388,1
CPE,0.051554586,0.460585923,0.455,0.358,1
AL162253.2,0.051978238,0.396340879,0.431,0.299,1
GCFC2,0.052041856,0.344592211,0.502,0.388,1
APOL6,0.052454559,0.336623571,0.668,0.597,1
SDCBP2-AS1,0.052658572,-0.302718975,0.261,0.358,1
LHFPL6,0.052999503,-0.305564388,0.763,0.866,1
TUBD1,0.053354649,0.313719067,0.341,0.224,1
DANT2,0.053415876,0.442655271,0.536,0.418,1
PTCD3,0.05367853,0.315429597,0.427,0.299,1
THBS1,0.054244543,0.764174713,0.374,0.269,1
PDS5B,0.054546525,0.317120063,0.673,0.552,1
XKR6,0.054950206,0.333722715,0.597,0.463,1
RANBP9,0.054957871,0.382021534,0.611,0.478,1
CACNA2D3,0.055030114,0.451902453,0.464,0.343,1
ANKRD28,0.055585258,0.314473378,0.526,0.403,1
TECPR2,0.055916777,0.380755125,0.455,0.328,1
AL357153.2,0.055988062,0.335448867,0.55,0.418,1
NUB1,0.055996267,0.334689253,0.355,0.254,1
ZNF611,0.056176572,0.362572433,0.379,0.269,1
ABI3BP,0.056617134,0.565811351,0.711,0.612,1
DCAF7,0.056638544,0.362618981,0.427,0.328,1
PSMB7,0.056744334,-0.374986438,0.355,0.433,1
AC007319.1,0.057151051,0.566230141,0.464,0.358,1
MACROD1,0.057284209,-0.308823246,0.256,0.358,1
ETNK1,0.057308796,0.420536153,0.545,0.433,1
PRORP,0.058515283,0.406152139,0.408,0.299,1
TTLL11,0.058861255,0.339494831,0.379,0.269,1
EEF2K,0.059198592,0.349873396,0.512,0.373,1
SERPING1,0.059230605,0.427543244,0.384,0.269,1
DCAF10,0.059376138,0.376810494,0.559,0.463,1
XPO1,0.060085415,0.305977793,0.725,0.642,1
GALNT11,0.060226238,0.323753775,0.474,0.358,1
VIRMA,0.060336198,0.314110895,0.389,0.254,1
GATA6,0.0607353,-0.309039733,0.46,0.537,1
DDX5,0.061110501,-0.308489739,0.773,0.866,1
SLFN5,0.061176573,0.353613062,0.389,0.254,1
MEDAG,0.061319126,0.46807809,0.318,0.209,1
ZNF573,0.061577297,0.314557983,0.313,0.209,1
SHMT1,0.061779587,0.342516339,0.417,0.299,1
MAP7D1,0.062312131,-0.405031139,0.336,0.418,1
OSBPL11,0.063007685,-0.546350688,0.408,0.493,1
LPCAT2,0.063482496,-0.611076131,0.28,0.358,1
PPP3CC,0.064114217,0.374020437,0.564,0.448,1
PLEKHH2,0.064415993,0.433512137,0.46,0.358,1
SLC8A1,0.065262577,0.384643221,0.313,0.194,1
SUPT20H,0.065404253,0.319292004,0.336,0.224,1
AC007529.2,0.067747521,0.44350151,0.597,0.537,1
ZNF566,0.067894459,0.333051815,0.355,0.239,1
LMAN1,0.068193298,0.324412487,0.308,0.209,1
TERF1,0.068559647,0.305269363,0.322,0.224,1
NDST1,0.068614049,-0.371995433,0.355,0.433,1
AC027097.2,0.069184686,0.391076984,0.384,0.269,1
ST3GAL2,0.069265591,0.429660545,0.374,0.284,1
SLC41A2,0.069653638,0.327177434,0.36,0.239,1
TMEM161B-AS1,0.06968786,0.333931667,0.502,0.373,1
ALDH7A1,0.070467014,0.318983779,0.403,0.299,1
ACKR3,0.07047641,0.530860542,0.455,0.373,1
ERMP1,0.071436131,0.40172678,0.351,0.269,1
URI1,0.071585555,0.326810207,0.564,0.448,1
KIAA0825,0.071682217,0.375712832,0.464,0.343,1
RNF24,0.072048376,0.373370069,0.436,0.343,1
COX10-AS1,0.072171579,0.374268226,0.474,0.373,1
FGF14,0.072789085,0.551914836,0.322,0.209,1
ACVR1,0.072818149,0.34946228,0.474,0.403,1
EPC2,0.072843899,0.307902651,0.635,0.567,1
PCM1,0.072944123,0.322431694,0.763,0.731,1
TRAPPC12,0.072991981,0.394040023,0.521,0.418,1
PPP3CB,0.07324896,0.37479279,0.754,0.701,1
PDE3A,0.073275103,-0.300641261,0.431,0.537,1
PIAS2,0.073580912,0.361180245,0.483,0.373,1
FAM193A,0.073598871,0.358687866,0.635,0.597,1
EMC3,0.074247768,-0.350071718,0.569,0.597,1
FKBP9,0.075048073,0.321292949,0.365,0.254,1
POT1,0.075429674,0.35800147,0.303,0.209,1
URGCP,0.076251814,0.344400757,0.635,0.552,1
C6orf62,0.076909963,0.410738308,0.54,0.463,1
GLI3,0.076912595,0.384253002,0.701,0.657,1
GK5,0.077102728,0.324266134,0.398,0.299,1
RPS28,0.078082969,0.346547974,0.351,0.224,1
VAV2,0.079118025,0.331096862,0.303,0.209,1
RAPGEF4,0.079213578,0.338377247,0.602,0.552,1
PYGL,0.0799943,-0.370520396,0.531,0.612,1
CMIP,0.080763264,0.446066115,0.521,0.433,1
STAM2,0.081380681,0.321455116,0.483,0.403,1
CPM,0.08270572,0.418625901,0.602,0.478,1
CDK6,0.082985608,0.387236671,0.398,0.299,1
LAMB1,0.083250022,0.304140135,0.645,0.507,1
KIAA1755,0.08334515,0.40997154,0.351,0.254,1
NHSL1,0.084427218,0.47831268,0.45,0.343,1
SGCG,0.08506953,-0.334162418,0.303,0.388,1
DCAF8,0.085301193,0.405021235,0.602,0.522,1
DENND1B,0.085965127,-0.350138152,0.488,0.582,1
TENT5A,0.086764457,0.434885708,0.427,0.313,1
NRG2,0.086946245,-0.415830557,0.308,0.388,1
TRIP4,0.086970177,0.376795484,0.502,0.403,1
AC079781.5,0.088461736,0.30038266,0.635,0.582,1
NOL9,0.088695427,0.336504063,0.355,0.239,1
CUL3,0.089031969,-0.328781279,0.64,0.687,1
COL3A1,0.08956794,0.363405943,0.768,0.687,1
TBCA,0.089684937,0.344043508,0.531,0.418,1
POR,0.090528028,-0.434050466,0.427,0.478,1
RGCC,0.090673563,-0.319046339,0.256,0.343,1
KMT2A,0.091744502,0.303432312,0.673,0.582,1
KREMEN1,0.091840587,0.373032955,0.408,0.284,1
ZNF146,0.092044335,0.320922313,0.445,0.343,1
KMT5B,0.092177583,0.302780108,0.716,0.672,1
FNBP1,0.092801382,0.319650602,0.687,0.612,1
GFPT2,0.092990026,0.302831113,0.559,0.448,1
HEATR5B,0.093310346,0.347154305,0.63,0.507,1
DCBLD2,0.094512574,0.33263142,0.502,0.403,1
AMOTL2,0.094641764,-0.305362603,0.431,0.493,1
PIGU,0.095260661,0.368275466,0.322,0.224,1
TARBP1,0.09637623,0.302530973,0.417,0.328,1
CUL2,0.096595082,0.343984185,0.327,0.224,1
DLEU2,0.096915946,0.333835315,0.716,0.612,1
AKAP8,0.097578858,0.354288684,0.37,0.254,1
RABGAP1,0.098599596,0.422595168,0.735,0.657,1
GOLGA1,0.098872467,0.364154878,0.469,0.373,1
RFX3-AS1,0.09959793,0.305985886,0.611,0.522,1
FER,0.100276665,0.327816045,0.82,0.821,1
HDAC9,0.100544595,0.307235082,0.332,0.224,1
PIK3C2B,0.101331609,0.315956769,0.493,0.373,1
CWC27,0.103258075,0.300325,0.403,0.313,1
ARL15,0.104940147,0.34602531,0.735,0.701,1
MGP,0.106778866,-0.382833082,0.412,0.522,1
CD55,0.107642824,0.360187387,0.36,0.239,1
CORO2B,0.108187437,0.3174337,0.512,0.403,1
PDGFC,0.109622484,0.340838252,0.754,0.761,1
COQ8A,0.10980243,-0.317218166,0.602,0.672,1
CPD,0.111338367,-0.518881498,0.318,0.373,1
PDGFRB,0.111646671,0.318436907,0.318,0.209,1
NFATC2IP,0.111867832,0.321459511,0.374,0.284,1
IKBKB,0.112620496,0.378952433,0.464,0.373,1
ADCY9,0.112672335,0.341268828,0.507,0.373,1
SLC25A46,0.112890585,0.321913746,0.403,0.313,1
PRKG1,0.114446046,0.31813794,0.863,0.896,1
RPAP2,0.115163633,0.332961469,0.607,0.537,1
HNMT,0.117707755,0.355878709,0.526,0.418,1
FGFR1OP,0.118765182,0.352467294,0.464,0.358,1
RPL13,0.118854786,0.497296969,0.635,0.567,1
RPS24,0.119320299,0.429986862,0.398,0.313,1
PSMA1,0.119493605,-0.314340091,0.545,0.627,1
SECISBP2,0.120067389,0.32958197,0.536,0.478,1
MIPOL1,0.121649436,0.351293917,0.555,0.493,1
CAP2,0.121939202,-0.312585825,0.46,0.522,1
SMAD6,0.122739708,-0.419494755,0.422,0.463,1
NEGR1,0.122760574,0.360173826,0.919,0.896,1
AKNA,0.122801388,-0.316252724,0.379,0.433,1
NFX1,0.123303134,0.348181488,0.597,0.567,1
LINC01473,0.123452237,0.300360235,0.763,0.806,1
CCDC6,0.123861444,0.333641447,0.374,0.284,1
ZNF44,0.124324583,0.319611662,0.588,0.493,1
ATG4B,0.125579421,0.301104479,0.355,0.254,1
CUBN,0.12657137,0.322015075,0.308,0.224,1
CPT1A,0.126924072,0.374737652,0.441,0.358,1
FARP1,0.127088383,0.350716858,0.336,0.239,1
RNF115,0.129864464,0.321241876,0.692,0.627,1
LHFPL2,0.130706129,-0.417621713,0.445,0.507,1
MTAP,0.130944934,0.346544321,0.502,0.418,1
NSUN6,0.132112707,0.395717035,0.517,0.478,1
EFCAB6,0.132589501,0.305649855,0.393,0.299,1
ABCD3,0.133445581,0.337542181,0.441,0.373,1
PLIN5,0.133820795,0.327239228,0.768,0.761,1
SASH1,0.138139787,0.317002329,0.739,0.672,1
MAN1A2,0.138169955,-0.320422187,0.559,0.612,1
CLIC4,0.139128964,-0.58238541,0.611,0.597,1
LGR4,0.140314063,-0.344949712,0.701,0.716,1
TULP3,0.14191404,0.305284342,0.502,0.403,1
PSAP,0.14206261,0.373209674,0.488,0.418,1
KHDRBS1,0.14258943,-0.332802628,0.536,0.537,1
CNIH3,0.146902373,0.32018249,0.403,0.313,1
SNX3,0.151988801,0.398821565,0.346,0.269,1
USP3,0.152093491,0.348082985,0.659,0.642,1
DMXL2,0.154045899,0.364900231,0.469,0.373,1
C6,0.15499433,0.563570869,0.555,0.493,1
AZIN1,0.156180432,-0.327768931,0.374,0.433,1
COPA,0.156769086,0.306370485,0.649,0.522,1
ADAM10,0.164842524,0.423516357,0.545,0.493,1
EIF3E,0.165067957,0.308564672,0.427,0.358,1
EEF1A1,0.165521587,0.337632476,0.758,0.657,1
CYP1B1-AS1,0.169490307,0.313238215,0.469,0.388,1
CAB39L,0.1718761,-0.358418347,0.436,0.493,1
MAU2,0.172106844,0.310160764,0.531,0.433,1
C2CD3,0.172995486,0.346686477,0.308,0.239,1
ATP2B1,0.173184409,0.311627976,0.408,0.313,1
AC119674.1,0.182000243,0.404880007,0.403,0.343,1
LIMD1,0.187324102,0.395598011,0.417,0.343,1
HEG1,0.187496878,0.316721282,0.592,0.463,1
KLHL20,0.192108269,0.304736046,0.393,0.328,1
TOR1AIP2,0.196033717,0.325524374,0.327,0.254,1
KCND2,0.204663704,0.40115743,0.73,0.731,1
PLEKHA1,0.204810345,0.384010314,0.351,0.284,1
SNTB1,0.205544728,0.341492916,0.436,0.358,1
LINC02614,0.218844684,0.320558619,0.479,0.388,1
MSRA,0.22628491,-0.332182315,0.588,0.612,1
ST3GAL5,0.227641955,0.314126521,0.488,0.418,1
NET1,0.229945097,0.304786854,0.455,0.388,1
AC046134.2,0.234962405,0.354022319,0.427,0.358,1
TPST1,0.236567406,0.368963097,0.578,0.522,1
SAT1,0.242842869,0.368356024,0.682,0.672,1
COL1A1,0.246795823,0.303927578,0.374,0.299,1
MAP3K14,0.247041881,-0.326003191,0.408,0.433,1
SH3RF3,0.247262921,0.337485658,0.417,0.358,1
PLEKHA2,0.247548137,0.349714826,0.445,0.388,1
PCOLCE2,0.247595263,0.331371525,0.787,0.731,1
MATN2,0.259992184,-0.356784255,0.507,0.493,1
APP,0.266264458,0.359752866,0.531,0.433,1
SCFD2,0.269871101,0.355060392,0.673,0.657,1
SNX10,0.280260789,-0.315166941,0.351,0.373,1
DOCK7,0.280966729,0.371931902,0.602,0.567,1
SLC35D1,0.291461421,-0.317423782,0.265,0.313,1
ADAMTSL3,0.292009126,-0.32340937,0.54,0.582,1
ZYG11B,0.292986061,0.303136842,0.521,0.478,1
KLF6,0.297315691,-0.336180487,0.445,0.478,1
RPLP1,0.303128582,0.335506707,0.474,0.403,1
RPS9,0.305404107,-0.340854126,0.36,0.418,1
SPRY4-AS1,0.312701876,0.340882904,0.384,0.313,1
CHSY3,0.325437256,0.301217855,0.389,0.358,1
WDTC1,0.329097475,0.31423389,0.37,0.328,1
ATP6AP1L,0.331226809,0.300782731,0.464,0.418,1
CDH11,0.338082338,-0.428888003,0.299,0.328,1
MEGF9,0.346810107,-0.372067792,0.336,0.358,1
PDGFD,0.36941933,0.415340336,0.303,0.254,1
FLRT2,0.369456178,0.35877719,0.597,0.537,1
CEP170,0.399666449,0.310243096,0.54,0.507,1
ESYT2,0.41041143,-0.330261152,0.773,0.881,1
RFFL,0.439924885,-0.306635421,0.36,0.388,1
THBS2,0.506726019,-0.449549169,0.299,0.328,1
RPL10,0.541637138,0.344360992,0.37,0.328,1
PDE4D,0.585190336,0.333390877,0.81,0.731,1
EDA,0.596888495,0.38574828,0.351,0.343,1
CFH,0.632458659,0.313875609,0.483,0.463,1
CAV2,0.826296004,-0.436712727,0.384,0.328,1