"","p_val","avg_log2FC","pct.1","pct.2","p_val_adj"
"SEMA4A",1.19050011843196e-41,-3.04251379115649,0.024,0.791,3.68543121662982e-37
"PLEKHG2",7.49828776636734e-28,-1.70316368832992,0.062,0.657,2.32124494383434e-23
"NAMPT",4.11800490731646e-26,-2.15448878138214,0.455,0.97,1.27481077915796e-21
"PPM1N",4.56414819542914e-25,-1.44629920016963,0.009,0.493,1.412923356859e-20
"AL590226.1",1.19965981578582e-24,-1.2374005599664,0,0.448,3.71378689172817e-20
"SAA1",4.93283065207702e-24,-1.14969934355368,0.019,0.507,1.52705638496348e-19
"AC008397.1",8.50239743333719e-24,-0.911504594739442,0,0.433,2.63208717343819e-19
"TEX14",5.79718963462087e-23,-1.54028179658554,0.1,0.657,1.79463599518958e-18
"ITLN1",1.39582895069104e-22,2.21971764467801,0.763,0,4.32106768265425e-18
"PDE4C",6.75538560801479e-21,-1.45222087750093,0.043,0.507,2.09126472267314e-16
"ACACB",7.58497783587271e-20,-1.43007949269848,0.929,0.985,2.34808158865112e-15
"NPR3",1.26347818979242e-19,-1.3797594434709,0.038,0.478,3.9113494321404e-15
"FOSB",1.74621354821835e-19,-1.68295282469184,0.607,0.94,5.40575328121953e-15
"BTNL9",6.27571927760511e-19,-1.33425028447026,0.052,0.493,1.94277441676821e-14
"ARL17B",7.7686124828262e-19,-1.25516016222636,0.256,0.761,2.40492936630851e-14
"MID1",3.09662287018257e-18,-1.75873317706403,0.45,0.866,9.58621541922418e-14
"SIK3",6.5075553699391e-18,-1.31095016844109,0.791,1,2.01454391587205e-13
"FTX",7.05455320528774e-18,0.91468759113216,0.995,0.955,2.18387803576093e-13
"PRKCG",8.90038499434313e-18,-1.11072943788786,0.047,0.478,2.7552921826988e-13
"PRKAR2B",1.92700520279108e-17,-1.40409014238124,0.768,0.97,5.96543000628034e-13
"HK2",7.4044892114243e-17,-2.05968183964015,0.284,0.716,2.29220772518062e-12
"MAFF",1.38191361072144e-16,-1.14914726773781,0.18,0.657,4.27798996471037e-12
"FGF8",1.4477434631245e-16,-0.885885718335354,0.052,0.448,4.48177943879452e-12
"NFIL3",2.32206626679519e-16,-1.19291476750059,0.336,0.821,7.18842054211786e-12
"KIF7",4.11539901051067e-16,-1.11934987213863,0.142,0.597,1.27400407168379e-11
"PRG4",6.39126851846517e-16,1.69960292391149,0.621,0.03,1.97854499526126e-11
"SLC16A7",1.72990745066796e-15,-1.26677155421244,0.73,0.94,5.35527449503282e-11
"FOXO1",2.71527322050065e-15,-1.02332439312487,0.867,0.985,8.40567130870388e-11
"TNS1",1.23947414609144e-14,-0.964705721067996,0.91,0.985,3.83704011405528e-10
"ADIPOR2",1.89550119064422e-14,-1.24344156878888,0.72,0.91,5.86790303587731e-10
"AC020916.1",4.54660940187789e-14,-1.58075208475804,0.55,0.866,1.40749387253934e-09
"COL4A1",5.8712605215893e-14,-1.13003745344564,0.791,0.94,1.8175661196684e-09
"RTN4",7.33165783516909e-14,-1.16768909990135,0.815,0.985,2.2696613160333e-09
"CCNL1",1.72288232453278e-13,-1.20810120772013,0.564,0.91,5.33352681205612e-09
"NRP1",2.67312995992039e-13,-1.03225753604236,0.82,1,8.27520841692554e-09
"SLC25A33",3.66314784241254e-13,-1.51551809439073,0.479,0.806,1.13400067757565e-08
"POLG2",5.72941382199338e-13,-1.5498455532183,0.36,0.746,1.77365463687449e-08
"SMIM41",7.02354990750499e-13,-0.743077026623838,0.024,0.313,2.17428034486632e-08
"LINC02240",9.28315472619572e-13,-1.08445163615255,0.289,0.731,2.87378620858841e-08
"QKI",1.02462621820128e-12,-0.92925878471963,0.844,0.97,3.1719353836857e-08
"PTPRS",1.34055609368739e-12,-0.941152101011624,0.891,0.985,4.14995949922806e-08
"SAMD4A",2.27771835799936e-12,-1.16498392831543,0.611,0.896,7.05113272085862e-08
"CNTN4",3.39801085433267e-12,1.69710355734606,0.635,0.119,1.05192222017576e-07
"PNISR",3.90142177972616e-12,1.10366629188009,0.834,0.672,1.20776314034983e-07
"LDLR",5.63816913964586e-12,-1.28641990247874,0.104,0.463,1.74540802056017e-07
"TPM1",7.18202997956203e-12,1.32018952694641,0.654,0.164,2.22334102077302e-07
"SLC38A2",7.23401297532857e-12,-0.952470445178484,0.507,0.851,2.23943339677247e-07
"SNTG2",7.26582399513446e-12,-1.15821048670781,0.199,0.582,2.24928113417377e-07
"STAT3",8.94943850671179e-12,-1.06350788512499,0.754,0.925,2.77047767852277e-07
"RBFOX1",9.60965695028261e-12,1.5585636456531,0.72,0.254,2.97486150209899e-07
"ADH1B",1.02409582252894e-11,1.4641219349771,0.863,0.761,3.17029343780283e-07
"ZBTB16",1.04188376547775e-11,-1.2371121607882,0.716,0.94,3.22535957278948e-07
"YWHAG",1.07636855649698e-11,-1.12284442070948,0.611,0.881,3.3321141403477e-07
"SLC14A2-AS1",1.31883362518557e-11,-0.9505608430971,0.033,0.313,4.08271325348698e-07
"DHRS3",2.13918280749918e-11,-1.15883245531844,0.678,0.866,6.62226821717521e-07
"CCDC3",2.4807948703802e-11,-1.2932345962179,0.199,0.597,7.67979668023599e-07
"IRF1",3.0901590804464e-11,-0.817065257376618,0.095,0.433,9.56620546533793e-07
"ITGA11",3.2953762233918e-11,1.42779383339115,0.588,0.149,1.0201496174754e-06
"LMNA",4.07976283055502e-11,-1.15213892624171,0.701,0.866,1.26297217945492e-06
"CAMK1D",5.44109132492077e-11,1.53056205358223,0.664,0.194,1.68439864145572e-06
"ARIH1",5.71363878349435e-11,-0.959485379633656,0.763,0.94,1.76877115820635e-06
"ZFP36",6.48034932202331e-11,-0.992795548521554,0.313,0.687,2.00612173961876e-06
"NRP2",8.19222002819707e-11,-0.800089163748095,0.085,0.418,2.53606555412897e-06
"LRP1B",9.63897096928854e-11,-1.48954966682402,0.156,0.522,2.98393624296265e-06
"ITSN1",1.04783587594336e-10,-1.24045039079457,0.853,0.925,3.24378552115785e-06
"PER1",1.53588026598619e-10,-0.634403603448701,0.299,0.701,4.75462453941345e-06
"ITIH5",1.56569395418507e-10,-0.786870640556903,0.768,0.955,4.84691877397071e-06
"CRK",1.5707104958394e-10,-1.09988347786111,0.592,0.821,4.86244848197002e-06
"ITPK1",1.70415015386212e-10,-0.965563847857669,0.507,0.806,5.27553763131095e-06
"PDZRN3",1.72685125685597e-10,-0.862490314026846,0.758,0.955,5.34581343584902e-06
"NTRK2",1.97988220832153e-10,-1.04099998639451,0.616,0.866,6.12912135230096e-06
"DDX17",2.04579962689087e-10,0.788196306169045,0.919,0.91,6.33318190496605e-06
"YWHAZ",2.67869900219566e-10,-0.99951117551722,0.725,0.896,8.29244850109711e-06
"AC002460.2",3.42470941274809e-10,1.41674659991105,0.578,0.149,1.06018729290443e-05
"YBX3",3.84066453670213e-10,-1.06479547596064,0.436,0.746,1.18895452062688e-05
"MYO1C",3.87543456691291e-10,-0.875026353572179,0.464,0.791,1.19971827887923e-05
"SDK1",5.02246460083674e-10,1.9013077761227,0.848,0.597,1.55480436648103e-05
"PDE8B",5.17428117533693e-10,-1.09166095162654,0.351,0.731,1.60180222344905e-05
"SEMA3C",5.42991773293701e-10,1.29132688414076,0.886,0.687,1.68093963258531e-05
"DMD",5.4545827808776e-10,-0.700806965923652,0.891,0.985,1.68857519147628e-05
"PTEN",5.52039356803685e-10,-0.890362976521928,0.763,0.91,1.70894823685717e-05
"RERG",5.54313199532327e-10,1.27368915799434,0.507,0.075,1.71598737179222e-05
"HDGFL2",5.7722309744802e-10,-1.23648246597259,0.246,0.582,1.78690954276984e-05
"TM4SF1",6.23009583904573e-10,1.1119742726346,0.469,0.03,1.92865076889339e-05
"CLSTN2",6.43167939187468e-10,-1.32982472111513,0.441,0.761,1.99105498934265e-05
"MLF1",7.52614241744202e-10,-0.577589222706807,0.076,0.388,2.32986790816753e-05
"COL24A1",8.07628229270707e-10,-0.635792911297627,0.152,0.507,2.50017470935333e-05
"COL4A2",8.2575600629556e-10,-0.937801773924038,0.791,0.94,2.55629286868916e-05
"LINC00598",8.4313307986362e-10,-1.24943234051009,0.54,0.821,2.61008707533381e-05
"LINC00910",8.57735758249252e-10,-0.765928664301668,0.095,0.403,2.65529258681221e-05
"NFATC1",1.08956455813752e-09,-1.00385121589137,0.322,0.672,3.37296500262631e-05
"TNXB",1.10526061053865e-09,1.10993505827394,0.915,0.806,3.4215552720445e-05
"SPTBN1",1.14027725668025e-09,-0.602824210876975,0.957,1,3.52995630350505e-05
"AKAP12",1.2152223494079e-09,-1.0658918487058,0.673,0.851,3.76196382706205e-05
"SPECC1",1.34917272866389e-09,-0.918517691561802,0.246,0.597,4.17663401612482e-05
"NUFIP2",1.538059436938e-09,-1.12117670309615,0.55,0.791,4.76137059892897e-05
"EPB41",1.72923479368116e-09,-0.942534817301856,0.706,0.955,5.35319215079878e-05
"ACO2",1.78261721082026e-09,-0.812210781665453,0.403,0.746,5.51844809953629e-05
"TRA2B",2.29191319509882e-09,-0.889192203685868,0.526,0.821,7.0950756780674e-05
"SLC1A3",2.39104216080948e-09,-0.910571448715539,0.507,0.791,7.4019492172179e-05
"FOSL2",2.40311241453941e-09,-0.80102173595125,0.351,0.687,7.43931510168964e-05
"ETF1",3.3924075783178e-09,-0.931231565280495,0.445,0.716,0.000105018761401984
"FNDC3B",3.76277010618217e-09,-0.625997917424489,0.934,0.985,0.000116484074177082
"MBNL2",4.49402751478166e-09,-1.01601348543525,0.692,0.821,0.000139121609775096
"ADAM22",4.66469521375422e-09,-0.581216240656458,0.057,0.328,0.000144404969732189
"PLCG2",5.0095444370164e-09,-1.0730279111842,0.848,0.97,0.000155080467136717
"CARMN",5.02330849700887e-09,-0.902866924107302,0.512,0.821,0.000155506561141903
"ACTN1",5.75130564962539e-09,-0.82132541134076,0.27,0.597,0.000178043168995453
"KANK4",5.84530625466382e-09,-0.880510448070834,0.322,0.672,0.000180953145725628
"FOS",6.91521333163983e-09,-0.728592583217747,0.777,0.955,0.000214074259107574
"SH3D19",7.36519885643271e-09,-0.70616797654484,0.844,0.955,0.000228004460998587
"KCNT2",9.26208462369087e-09,1.12207123203684,0.725,0.299,0.000286726353695598
"C8orf34",9.43268064344587e-09,-1.1479812424336,0.265,0.597,0.000292007494679154
"PLCB1",1.39390993667603e-08,0.862659783025017,0.919,0.806,0.000431512699096798
"MT-CO3",1.40072863250546e-08,1.28096368037422,0.829,0.493,0.000433623562764714
"SVEP1",1.42511750614954e-08,-0.837934215348114,0.806,0.925,0.000441173626378713
"STOX2",1.43927282637346e-08,-0.940593985974069,0.227,0.552,0.000445555688860431
"B4GALT1",1.49506132281198e-08,-0.986392601541776,0.455,0.746,0.000462826133702906
"PRKCD",1.75895700038179e-08,-0.688815865754397,0.152,0.463,0.000544520318608192
"LRMDA",1.91362264483687e-08,-0.643690231940899,0.896,1,0.00059240016216215
"LSP1",2.61794991751675e-08,1.04887227128607,0.569,0.179,0.000810438755965659
"GDPD5",2.87287939269985e-08,-0.72210679461538,0.389,0.716,0.000889357273598092
"HIPK3",3.75189418594232e-08,-0.819164412747643,0.829,0.91,0.00116147388314216
"PTGIS",3.83967556182133e-08,1.38061755489049,0.64,0.284,0.00118864836367303
"PLCXD1",3.85882051976129e-08,-0.85576198245048,0.175,0.478,0.0011945750683025
"FBN1",4.2982356952916e-08,0.989125914899998,0.953,0.836,0.00133060482419142
"SOCS3",4.75273256821238e-08,-0.652282574106628,0.109,0.388,0.00147130342114151
"DPT",4.77151560484595e-08,-0.649804335594471,0.218,0.552,0.00147711808579216
"AL590999.1",7.14691438125343e-08,-0.621944171640279,0.085,0.343,0.00221247028500462
"BCL2",7.81647961652062e-08,-0.828718632657649,0.796,0.925,0.00241974759488629
"PPP1R15B",8.53380569858354e-08,-0.597054203097371,0.199,0.507,0.00264181023011051
"AC025159.1",8.99657268987709e-08,1.00843406287983,0.782,0.507,0.00278506900760525
"SH3KBP1",9.26232202808572e-08,-0.808083428654254,0.678,0.925,0.0028673370302345
"TTC14",1.01696266078695e-07,0.855575657770552,0.583,0.239,0.00314821130899817
"KRT19",1.0637208621999e-07,0.968825415816194,0.327,0,0.00329296067311224
"EZR",1.08163036454464e-07,1.09979487523514,0.607,0.224,0.00334840311952085
"POLN",1.15908152731408e-07,-0.5235086649981,0.109,0.373,0.00358816868410621
"ELOVL5",1.38885499353329e-07,-0.737537006171848,0.559,0.821,0.00429947840348099
"NEAT1",2.01573806135184e-07,-0.419414847234141,1,1,0.0062401203165269
"NNMT",2.07117506079065e-07,-0.764886190758618,0.512,0.791,0.00641173663568963
"CCN1",2.1555913237043e-07,-0.53645364083202,0.232,0.537,0.0066730640607914
"IL3RA",2.32998725727858e-07,-0.674883770075858,0.118,0.373,0.00721294155235729
"MT-CO1",2.34930340336291e-07,0.99931460726842,0.882,0.537,0.00727273854579057
"NOCT",2.68774132704692e-07,-0.973276731336949,0.209,0.493,0.00832044082613916
"AC007923.4",2.92776575177121e-07,-0.865119805868748,0.521,0.791,0.00906348443775815
"CREB5",3.20958081053536e-07,1.10044530789746,0.635,0.299,0.00993589931517432
"NTM",3.89916264936689e-07,-0.845311420145151,0.701,0.866,0.0120706378136451
"SVIL",4.16200007945325e-07,-0.806336589751877,0.701,0.896,0.0128843036459634
"RERE",4.23071903538045e-07,-0.513465934794556,0.915,0.985,0.0130970369178272
"KLF10",4.57546975331916e-07,-0.685031662692296,0.204,0.493,0.0141642817153501
"LAMA4",4.65934868602757e-07,-0.71644724571096,0.934,0.94,0.0144239457273355
"NFATC2",4.87060615370301e-07,-1.34914181491375,0.19,0.478,0.0150779354700184
"NCOR2",5.00288582295995e-07,-0.537553853017673,0.602,0.836,0.0154874336421371
"CDC42EP4",5.16022562508499e-07,-0.803888696575919,0.393,0.657,0.0159745104675756
"DDX21",5.22761336917828e-07,-0.877181763923102,0.232,0.507,0.0161831227069652
"KCNIP2-AS1",5.30227537140416e-07,-0.774603767694005,0.498,0.761,0.0164142538672559
"IFRD1",5.37461269871811e-07,-0.878872088277,0.46,0.701,0.0166381885314216
"PRDM16",5.43954926066606e-07,-0.677462256208451,0.19,0.463,0.0168392126462439
"PKNOX2",5.52353495214674e-07,-0.839792013306541,0.384,0.657,0.0170992071513607
"THSD7B",6.45058174231272e-07,-0.875844351794185,0.28,0.567,0.0199690658996775
"DOCK11",6.52132608439775e-07,-0.744840642891066,0.815,0.94,0.0201880691594701
"AQP7",6.6761596201284e-07,0.617480498295852,0.877,0.91,0.0206673873360315
"MT-CO2",7.16001898359525e-07,1.09827505573664,0.763,0.448,0.0221652707675158
"SEMA3A",7.32497721699223e-07,-0.712552646198412,0.63,0.866,0.0226759319706428
"LINC01619",7.75947139282183e-07,-0.799758815010087,0.521,0.806,0.0240209955907585
"MCL1",7.84157465815801e-07,-0.61532512537623,0.464,0.731,0.0242751626692598
"EIF5",8.39450260505188e-07,-0.753565212128266,0.408,0.672,0.0259868617144591
"VASP",8.57025356451163e-07,-0.718250535000521,0.081,0.313,0.0265309339596586
"MBNL1",9.24537889359e-07,-0.527464668474935,0.929,0.985,0.0286209194408866
"LURAP1L",9.62210797073246e-07,0.834514967355908,0.526,0.209,0.0297871596449965
"CELF2",9.9464765183919e-07,-0.490975944296502,0.962,1,0.0307913073579858
"AL139383.1",1.03128785883395e-06,-0.721712179525513,0.616,0.791,0.0319255782459225
"ATG7",1.04704902450399e-06,0.671685376637824,0.829,0.672,0.03241349665157
"SGK2",1.07534926080256e-06,-0.89592868256943,0.389,0.627,0.033289587066665
"ADAMTSL4-AS1",1.12243428981483e-06,-0.813039918835082,0.749,0.91,0.0347471983097975
"TMEM135",1.12819247374153e-06,-0.620859887634128,0.848,0.925,0.0349254544096165
"HERC4",1.12819636225115e-06,0.669331068764452,0.896,0.776,0.0349255747862088
"AC006387.1",1.1344455707569e-06,-0.58183363589171,0.128,0.373,0.0351190315339213
"TANC2",1.16760781388806e-06,0.766275663685647,0.564,0.224,0.0361456350945327
"ESRRG",1.20616163942499e-06,-0.752044686104661,0.493,0.791,0.0373391458716793
"PER2",1.23683397608822e-06,-0.611924736766203,0.232,0.507,0.0382886693977629
"FP236383.3",1.26140738300104e-06,-0.70003237333341,0.118,0.358,0.0390493883555632
"NDEL1",1.26766538810921e-06,-0.709664587224753,0.389,0.642,0.0392431174196969
"IGFBP7",1.33782625950962e-06,-0.685576706203266,0.142,0.403,0.0414150875156392
"EMP1",1.38884717855903e-06,-0.934680157987217,0.697,0.896,0.0429945421066519
"MAN1A1",1.39596986358343e-06,-0.750232881760587,0.787,0.925,0.0432150390669524
"TNS3",1.5466977161685e-06,-0.641178147966698,0.739,0.896,0.0478811211994283
"ST3GAL6",1.60466656724036e-06,0.779136113547019,0.469,0.149,0.0496756629220599
"ANKRD36",1.61580112744835e-06,0.812448637657419,0.63,0.358,0.0500203555024185
"GRK5",1.62817961479486e-06,1.37225569985335,0.668,0.388,0.0504035563352045
"STK38L",1.68926733741205e-06,-0.844541619268179,0.602,0.776,0.0522946489642648
"ABHD5",1.70896911401529e-06,-0.726378810399265,0.55,0.821,0.0529045568625714
"TNIP1",1.78230026068952e-06,-0.801028136866081,0.355,0.597,0.0551746691701655
"ZRANB2",1.88363025278452e-06,0.668946954207811,0.73,0.463,0.0583115417354505
"ZNF626",1.95635464393246e-06,0.671799624347191,0.507,0.164,0.0605628707122172
"IL6ST",2.07965623484021e-06,-0.62449151460311,0.645,0.851,0.0643799180619482
"TACC1",2.08425040244798e-06,-0.740795369549928,0.763,0.836,0.064522139708582
"RAB20",2.23858491315813e-06,-0.693874727773953,0.133,0.373,0.0692998731566361
"TOP1",2.29346044795192e-06,-0.64844945235178,0.445,0.701,0.0709986550872476
"GALNT17",2.39984764011071e-06,1.19147893996008,0.341,0.045,0.0742920833949074
"ITGB1",2.40086089365102e-06,-0.694989319987523,0.621,0.821,0.0743234506847546
"LRP5",2.44630530218532e-06,-0.900245209911393,0.398,0.657,0.075730273239751
"ALPK3",2.52776224492151e-06,-0.626941612768606,0.095,0.313,0.0782519358160352
"HSPA8",2.8051630956954e-06,-0.537445183269408,0.1,0.328,0.0868394339534424
"RSRP1",2.84743371136149e-06,0.742616070882633,0.763,0.567,0.0881480054026176
"RND3",2.90801588773405e-06,-0.622251562698684,0.237,0.493,0.0900234478365831
"USP9X",2.92971975649507e-06,-0.589172942516554,0.597,0.776,0.0906953345018178
"MPHOSPH8",2.9553310193695e-06,0.708729243730378,0.711,0.418,0.0914881823666216
"KCTD8",2.97504727150104e-06,-0.69598912509443,0.223,0.507,0.0920985383838578
"PTPRF",2.98165950597047e-06,-0.631195386978348,0.716,0.866,0.0923032333263279
"ZNF827",3.16721476169923e-06,-0.709229685910168,0.422,0.687,0.0980474673779231
"SOBP",3.32575021996565e-06,0.870900800349493,0.692,0.433,0.102955249559477
"PIM1",3.36273124449469e-06,-0.557633503731887,0.142,0.388,0.104100071135822
"EFEMP1",3.40679767848668e-06,0.828119913991547,0.716,0.418,0.105464235732912
"TMBIM4",3.50771742439457e-06,0.657207528770488,0.517,0.194,0.108588408306983
"SAV1",3.53974742960309e-06,-0.651044894512809,0.275,0.537,0.109579961178223
"IQCN",3.56474752053335e-06,-0.66820610309078,0.37,0.612,0.110353888993151
"TBL1XR1",3.75915559619322e-06,-0.468435855968875,0.848,0.955,0.116372179791354
"TSPAN14",3.92600408861622e-06,-0.720872241958562,0.559,0.761,0.121537308571292
"PREX2",3.93775648196162e-06,-0.808600113045237,0.346,0.627,0.121901127412086
"ADCY5",3.96498747648759e-06,-0.87041911627008,0.455,0.672,0.122744117309626
"APIP",4.01671033036095e-06,0.645724071925445,0.659,0.373,0.124345301696984
"CCNL2",4.48559798061503e-06,0.774868714753498,0.701,0.463,0.138860656685899
"LASP1",4.61471011712031e-06,-0.765132814166612,0.412,0.672,0.142857581095693
"CAMKMT",5.57215575036051e-06,-0.63004880653034,0.706,0.896,0.17249722556391
"MAPKAPK2",5.58752984590541e-06,-0.736865361036322,0.237,0.493,0.172973161439694
"ERCC1",5.62634467567746e-06,-0.58871644044019,0.232,0.478,0.174174752124947
"PDE1A",5.67021283274292e-06,-0.72198751517622,0.502,0.746,0.175532778663222
"ANGPTL4",5.85274991283306e-06,-0.694497648911778,0.607,0.776,0.181183579051573
"BCL6",6.02001583508721e-06,-0.637628073997264,0.763,0.91,0.186361630206795
"TRMT9B",7.06078681468708e-06,0.692592792009968,0.365,0.09,0.218580777422268
"LVRN",7.07134107975618e-06,0.935345519790024,0.806,0.776,0.218907505806012
"KLF3",7.72421621405487e-06,0.677412175210149,0.455,0.134,0.239118561338497
"RAB2A",7.73652991283274e-06,-0.720319564974006,0.711,0.866,0.239499756511563
"CRY1",7.94552653014929e-06,-0.547667287069562,0.275,0.567,0.245969664793831
"RBMS1",8.27927640128358e-06,-0.616145018476353,0.905,0.955,0.256301559554536
"DNAJA1",8.69437020619259e-06,-0.815997259392743,0.374,0.642,0.269151618473104
"FAM126A",8.92648994531706e-06,0.89321765131765,0.583,0.328,0.27633734923718
"NWD2",9.2124445812145e-06,-0.797678948450325,0.223,0.493,0.285189646900657
"PDE10A",9.28972983927505e-06,1.06391633122247,0.592,0.284,0.287582166634438
"TXLNG",9.48041400598741e-06,-0.67305932943751,0.417,0.672,0.293485176383352
"NECTIN2",9.4955013386603e-06,-0.686877155506551,0.251,0.493,0.293952234940907
"ACVR1C",9.7593380387865e-06,1.05780873142535,0.697,0.507,0.302119827666714
"AFF1",1.01197870775486e-05,0.584723310297641,0.844,0.761,0.313278248559673
"TSC22D2",1.04177469588653e-05,-0.840484874754661,0.545,0.746,0.322502192605592
"USP47",1.07724236202677e-05,-0.561400529161265,0.72,0.91,0.333481918012628
"EPSTI1",1.08937579631333e-05,0.565044805686248,0.417,0.104,0.337238065264719
"TWIST2",1.1073530838022e-05,-0.693648483451499,0.773,0.925,0.342803294152647
"MAP3K20",1.13791451430058e-05,-0.632649606422049,0.602,0.821,0.352264196192029
"TSKU",1.17964321984515e-05,-0.637346533570966,0.232,0.478,0.365182151567464
"SKP1",1.20858283443248e-05,-0.685889049348396,0.379,0.582,0.374140988055263
"AC098829.1",1.28337529023018e-05,0.819887666995087,0.555,0.254,0.397294488596557
"NAV3",1.2874231287064e-05,-0.773444851132558,0.711,0.851,0.398547577953641
"VLDLR-AS1",1.28793883676569e-05,-0.686020806019757,0.261,0.507,0.398707225697555
"HNRNPU",1.31929915829789e-05,-0.737586578262546,0.796,0.91,0.408415440434276
"RASA3",1.32031682593257e-05,-0.54602026200244,0.564,0.776,0.408730479803947
"MAP4K3-DT",1.39206827058511e-05,-0.686262300112719,0.55,0.731,0.430942574525032
"RBPMS",1.43283420611277e-05,-0.529309757505695,0.91,0.985,0.443562485186332
"HNRNPC",1.48354890665142e-05,-0.42767260907899,0.853,0.97,0.459262235032081
"MRAS",1.65478649519262e-05,-0.755055724088515,0.493,0.716,0.51227225531678
"TLE1",1.67757986157692e-05,-0.716966088593243,0.654,0.821,0.519328397748367
"ANAPC5",1.68032141874412e-05,0.63087788455516,0.649,0.373,0.520177101600616
"CRIP1",1.68704372034477e-05,0.663792992516491,0.332,0.06,0.52225812450713
"CS",1.71839950447517e-05,-0.600408609343734,0.422,0.642,0.531964934600379
"PRR5",1.72941468134456e-05,-0.533304836809634,0.384,0.627,0.535374902903837
"ABCA10",1.76036017824794e-05,-0.528113420081243,0.882,0.94,0.544954700380215
"SNRK",1.77751630430717e-05,-0.550564444763429,0.569,0.761,0.550265722324371
"EIF4A1",1.79082212325656e-05,-0.470102880213834,0.36,0.597,0.554384804696533
"TPRG1",1.79470040682173e-05,-0.743954183036946,0.659,0.836,0.555585404939804
"LUC7L3",1.81736411610506e-05,0.672148836186339,0.806,0.672,0.562601409422643
"LMO3",1.85832345361475e-05,0.740732051468897,0.725,0.522,0.575281191535517
"MAPRE2",1.88920773272676e-05,-0.499595667449384,0.18,0.418,0.584842037820224
"ADAMTS2",2.00010162016593e-05,-0.437459708622171,0.502,0.746,0.619171458554768
"UBR5",2.05523758650658e-05,-0.48718680388771,0.844,0.925,0.636239899654841
"NIPSNAP3B",2.06537098866994e-05,0.636986282457562,0.398,0.134,0.639376896962553
"AC074032.1",2.0766104239965e-05,-0.787757348472257,0.559,0.746,0.642856288956598
"SOD2",2.18354598068624e-05,-0.692271229402294,0.474,0.701,0.675960329241039
"BRCA1",2.31775151734822e-05,0.534884416635537,0.322,0.06,0.717506337225487
"PAX8-AS1",2.40543302085116e-05,0.604289861526817,0.336,0.075,0.744649900264894
"SFPQ",2.59547345142442e-05,-0.492604598027166,0.692,0.896,0.803480716357457
"NTRK3",2.64614335927883e-05,-0.79186028391807,0.133,0.343,0.819166599731946
"AL136119.1",2.6521093816072e-05,-0.738338636219423,0.725,0.91,0.821013501264141
"RNF13",2.67471099893608e-05,0.740137199742044,0.583,0.328,0.828010283940642
"EIF4A3",2.7412825401539e-05,-0.45726438983686,0.104,0.313,0.848618835955442
"LITAF",2.75491930196398e-05,-0.843911407185663,0.422,0.627,0.852840368308988
"MGST1",2.75699825350373e-05,0.610746107120708,0.891,0.836,0.853483949337148
"TIPARP",2.77899521170082e-05,-0.63300375801406,0.256,0.493,0.860293547686222
"TAGLN",2.82137340213485e-05,-0.399602287992514,0.118,0.343,0.873412564098884
"GALNT2",2.89213584573514e-05,-0.519737794062545,0.602,0.806,0.895318493764229
"HECTD2",2.91772974681468e-05,0.612751765071245,0.412,0.149,0.90324159772142
"MIR22HG",3.01034348492468e-05,-0.491763659849657,0.237,0.463,0.931912032628134
"BAG3",3.11547408526095e-05,-0.48968558228761,0.109,0.313,0.964457312574231
"VIM",3.26138262659267e-05,-0.48075000380367,0.791,0.866,1
"TRIM44",3.53562997818239e-05,0.688642396757508,0.692,0.493,1
"AC138123.1",3.62815310157797e-05,0.862330808431023,0.687,0.493,1
"LRRC41",3.68370531534837e-05,-0.576318209758414,0.379,0.582,1
"LRIG1",3.68547814581845e-05,1.00159520489508,0.725,0.627,1
"NHLRC2",3.69117098573565e-05,0.57326717176395,0.455,0.179,1
"LRFN5",3.772700081052e-05,-0.618616042757984,0.318,0.597,1
"PIK3R1",3.80433162451265e-05,-0.559540510548325,0.517,0.746,1
"PRPF3",3.92890081221537e-05,0.63722236937848,0.592,0.313,1
"ILRUN",3.93632520898423e-05,-0.656484358654422,0.635,0.821,1
"SIDT2",4.28335664048172e-05,-0.446295466831908,0.199,0.433,1
"AL139317.5",4.28885505166526e-05,-0.596483634932097,0.289,0.522,1
"AVIL",4.29273992177054e-05,-0.435746151753066,0.227,0.478,1
"MPPED2",4.30017616596552e-05,-0.488377582085239,0.109,0.313,1
"CRISPLD2",4.42203873152896e-05,-1.00785630961626,0.142,0.343,1
"CAT",4.50971443355798e-05,0.635286033669762,0.763,0.746,1
"N4BP2L2",4.52521689814422e-05,0.519193164830087,0.891,0.896,1
"AFF4",4.65904883127542e-05,-0.517447247006077,0.763,0.896,1
"UTRN",4.70514050099106e-05,-0.382147261071111,0.929,0.97,1
"NEBL",4.82169624816616e-05,0.728783759796157,0.303,0.06,1
"MPP7",4.82368656473067e-05,-0.63520393640754,0.341,0.582,1
"LINC00894",4.92452340502078e-05,0.543009131260594,0.754,0.537,1
"BICD1",5.03303048915392e-05,0.69996838179252,0.488,0.224,1
"PRKAG2",5.05126836816798e-05,-0.531724919500743,0.796,0.955,1
"PTPRM",5.05719446112134e-05,-0.456496186821782,0.867,0.955,1
"SAMHD1",5.06207168505224e-05,-0.59031520105473,0.389,0.642,1
"MOGAT1",5.25676737241918e-05,0.629829721290011,0.422,0.149,1
"SAMD8",5.41631986923758e-05,-0.553372230067081,0.583,0.761,1
"CDKN1A",5.57209527586257e-05,-0.502521622274011,0.156,0.373,1
"C2CD2",5.74584565272135e-05,-0.676451333561391,0.725,0.851,1
"PLA2G2A",5.77148859516295e-05,0.869135044572922,0.379,0.119,1
"TMOD1",6.23514788977553e-05,-0.451977112022713,0.114,0.313,1
"LIMS1",6.24338772192206e-05,-0.454836578292243,0.82,0.881,1
"AMY2B",6.25650504696124e-05,0.380052501862983,0.313,0.06,1
"VPS37A",6.26747762437236e-05,0.370055402343689,0.322,0.075,1
"PKHD1L1",6.41896139495635e-05,0.965374215208944,0.498,0.209,1
"AL356218.2",6.58950012423679e-05,0.335962235895476,0.308,0.06,1
"MCCC1",6.71020835039989e-05,0.715213610193449,0.744,0.657,1
"GALNT10",6.76797713787695e-05,0.762418958127667,0.445,0.179,1
"DIRC3",6.97063977204724e-05,-0.577267514401083,0.834,0.881,1
"GNAL",7.02622838223817e-05,-0.586038744288052,0.213,0.448,1
"KLF2",7.22147912635534e-05,-0.541079475933118,0.384,0.642,1
"FBXL18",7.5979779729323e-05,-0.696997616798443,0.284,0.507,1
"SGCE",7.75951982299951e-05,0.639618112876296,0.46,0.194,1
"RAB11FIP2",8.14052798042911e-05,0.604680844215261,0.332,0.09,1
"TKT",8.19023242168103e-05,-0.689147435368524,0.37,0.582,1
"MFAP5",8.22055065157655e-05,1.00088186785064,0.46,0.194,1
"DCN",8.37601375782537e-05,0.790454276236492,0.739,0.507,1
"PHLDB2",8.3945222047043e-05,-0.671205766371795,0.782,0.866,1
"JUN",8.4632743507636e-05,-0.587077822555391,0.531,0.731,1
"CABLES1",8.704412361551e-05,-0.619307682371065,0.649,0.851,1
"MAGI2-AS3",8.86242328234947e-05,0.706208087427522,0.621,0.403,1
"FADS3",8.9674271828722e-05,-0.514051650732478,0.318,0.552,1
"PPARGC1A",9.13274190740906e-05,-0.571316969973457,0.147,0.343,1
"ITGA7",9.2460437638306e-05,-0.583790160817672,0.597,0.761,1
"HSDL2",9.34881234334588e-05,-0.468448107007739,0.692,0.881,1
"SCARA5",9.47185093317781e-05,0.824205551810669,0.531,0.284,1
"UBA2",9.53023497005676e-05,-0.587320041712801,0.654,0.821,1
"SORBS2",9.60821910962163e-05,0.866282692186764,0.389,0.134,1
"PXDN",9.64477355039559e-05,-0.582702062864739,0.749,0.851,1
"TSHZ2",0.000102172737109123,0.468468471399661,0.962,1,1
"NCOA1",0.00010599291104881,0.454537212475212,0.91,0.896,1
"ATP8B1",0.000108284760857067,0.606179128129595,0.422,0.164,1
"DNM1",0.000112131331320214,0.793998544702034,0.592,0.358,1
"GPC6",0.000113166900372889,0.854628327644537,0.782,0.672,1
"LATS2",0.000115961775947638,-0.437541278795559,0.498,0.716,1
"AKAP1",0.000116512974570272,-0.475609773663485,0.403,0.657,1
"GAS7",0.0001175339715223,0.710384815949473,0.801,0.597,1
"PTGER3",0.000117583767436048,0.709048332585221,0.801,0.687,1
"VGLL3",0.000117964471516735,0.586534815934496,0.479,0.224,1
"TRERF1",0.000118593269909301,0.742033251634802,0.611,0.373,1
"NUP160",0.000119338680392887,0.559673337266469,0.569,0.299,1
"CD34",0.000120828490443806,0.683891114235018,0.431,0.164,1
"ATP11A",0.00012408665371671,0.867429822609099,0.479,0.254,1
"TANC1",0.000124820853458119,-0.623618094282907,0.488,0.672,1
"FRY",0.000125030988530938,0.74610426895547,0.512,0.269,1
"HNRNPF",0.000125032058150697,-0.536057738131079,0.341,0.537,1
"ZHX1",0.000125671494681598,0.59706106581921,0.483,0.269,1
"RBM39",0.000127229419241936,-0.584328601363715,0.829,0.91,1
"FHOD3",0.000132110235466459,-0.356645934533342,0.294,0.567,1
"LINC01515",0.00013717936502102,0.69976986934439,0.318,0.09,1
"ZNF718",0.000138036113771863,0.455611153024326,0.408,0.149,1
"NUDT4",0.000138321079741279,-0.478227391336534,0.422,0.627,1
"RUNX1",0.000138605739434197,-0.401845511815523,0.493,0.716,1
"SUGP2",0.000138627706863233,0.674147703401022,0.597,0.403,1
"IDH1",0.000138830043829317,0.566088330923618,0.559,0.328,1
"ELL2",0.00014312823838189,-0.632344769733736,0.682,0.791,1
"TLCD2",0.000144397527656318,-0.404254289248508,0.142,0.343,1
"STK38",0.000146274816514631,0.63610891635057,0.583,0.358,1
"PLXNA4",0.000150886318352867,-0.4025348809908,0.583,0.836,1
"SPSB1",0.000156273834343306,-0.513095560334673,0.545,0.776,1
"NHLRC3",0.000157936392093178,0.606676767077284,0.483,0.254,1
"PXN",0.000172162366814961,0.656009162322444,0.384,0.134,1
"FARS2",0.000174904034661725,0.550066315394183,0.782,0.627,1
"MAP4K3",0.000176993700799142,-0.563602704762553,0.73,0.836,1
"THRAP3",0.000177159544901026,-0.369566223123388,0.739,0.866,1
"EYA2",0.000177849936790082,-0.521928486064213,0.725,0.866,1
"GFOD1",0.000182590511538541,-0.477309232219191,0.242,0.463,1
"EPB41L4B",0.000183450018767643,-0.697282146721498,0.526,0.731,1
"AC008014.1",0.000186683904886844,-0.66942886894378,0.36,0.597,1
"AC109927.1",0.000186717819718905,0.812847377573903,0.45,0.224,1
"SRSF7",0.000189021684536394,-0.446836942726251,0.322,0.537,1
"H3F3B",0.000198661056278628,-0.310588730222741,0.261,0.493,1
"PRICKLE2",0.00020273921027286,-0.533505149761307,0.697,0.851,1
"PLSCR1",0.000203910373149515,0.599619954746879,0.346,0.119,1
"ERMAP",0.000204643577175145,0.416961387104585,0.341,0.104,1
"MAP2K6",0.000204652098183073,-0.446281168223602,0.209,0.418,1
"COL5A2",0.000207469033214257,-0.638792350386208,0.697,0.821,1
"ATF3",0.000207671751755496,-0.525371982010315,0.242,0.463,1
"PHIP",0.000211794284123856,0.591570031515933,0.716,0.522,1
"MICAL3",0.000213283602705029,-0.562068753750477,0.63,0.791,1
"HIVEP2",0.000219876989489313,-0.657257716031544,0.678,0.821,1
"ANK2",0.000220354799333124,-0.652090479666253,0.479,0.672,1
"MEG8",0.000224686656920632,0.908318407780794,0.645,0.403,1
"LINC01004",0.000235789657856056,0.597208976696532,0.697,0.493,1
"PTP4A2",0.000235852592320773,-0.501602147744111,0.45,0.657,1
"SLC35F5",0.000238286351001152,0.579143439220037,0.635,0.388,1
"NR2F2-AS1",0.000241587075895397,-0.666302011896343,0.327,0.522,1
"FAM20C",0.000241622148341335,-0.564856846868811,0.261,0.478,1
"UBAP1",0.000242328413628591,-0.395074032901458,0.668,0.806,1
"ZNF638",0.000245166157449527,0.36476940919228,0.858,0.896,1
"SORBS1",0.000245844101046545,-0.400281095517788,0.867,1,1
"TACC2",0.000248044491623758,-0.578479593631603,0.583,0.716,1
"PCED1B",0.000248561535626402,-0.678664772922028,0.602,0.761,1
"ASXL1",0.000250621365326137,-0.421360027853259,0.744,0.866,1
"DAPK1",0.000253098993852652,0.78724440037496,0.621,0.433,1
"KIF1B",0.000254850890870823,-0.464546354307667,0.701,0.866,1
"KALRN",0.000258382045525339,-0.583660925088342,0.507,0.716,1
"TERF2IP",0.000259025397374561,0.624627181623997,0.55,0.313,1
"NPM1",0.000262572864566641,-0.468891922779067,0.27,0.493,1
"NSL1",0.000282496005609468,0.602085030942526,0.36,0.134,1
"TRIM56",0.000290447640919944,0.364578436156184,0.479,0.194,1
"NFATC3",0.000297124687572076,0.546429422957071,0.787,0.627,1
"RALGAPA2",0.000300273227302428,-0.433568994820603,0.739,0.821,1
"FBXO17",0.000307372021641625,-0.457969396958395,0.483,0.701,1
"PALM2-AKAP2",0.000309256762855901,-0.439033620882102,0.877,0.955,1
"AC093334.1",0.000310601196830171,0.546845777513447,0.564,0.299,1
"VCL",0.000312369997412329,-0.547306817762724,0.592,0.761,1
"STARD9",0.000316700600866402,0.677680518012418,0.687,0.463,1
"RDH10",0.000316770030092782,-0.428400692374057,0.251,0.463,1
"PDXK",0.000318770739896878,-0.558328466887124,0.597,0.731,1
"STX11",0.000326451883798517,-0.3824174538106,0.336,0.567,1
"OSMR-AS1",0.000329524135431709,0.529268604445633,0.379,0.149,1
"IER2",0.000335854455095614,-0.472001631046634,0.417,0.597,1
"BRD8",0.000337126763122366,0.398576639080198,0.332,0.104,1
"METTL16",0.000337802192739185,0.542017886021229,0.611,0.343,1
"MAPT",0.000338907261511935,-0.548551199760458,0.393,0.597,1
"RANBP17",0.000347286609210918,0.58843157828464,0.346,0.119,1
"LINC01239",0.000353196027736595,0.693102858798675,0.474,0.239,1
"AL592183.1",0.000354682586540033,-0.513431084876039,0.246,0.418,1
"SSR1",0.000356338652549285,0.509559488244784,0.318,0.104,1
"ANKRD40",0.000357248881006067,0.396534716646183,0.318,0.09,1
"GAREM1",0.000364189070683321,-0.57072060640728,0.588,0.746,1
"DPF2",0.000365023934576872,-0.454939499565332,0.237,0.433,1
"SNRNP70",0.00036964608994113,-0.318531964342125,0.559,0.761,1
"PXDC1",0.000376734870706684,-0.588109696829663,0.227,0.418,1
"DDX3Y",0.000376971655293667,-0.418538470420573,0.318,0.522,1
"GPLD1",0.000382971734465952,-0.589001166166493,0.289,0.478,1
"COPS7B",0.000386578670941358,0.348433026286495,0.336,0.104,1
"GTF2B",0.000392063305660169,-0.437738118824561,0.251,0.463,1
"OSBPL9",0.000403650187581946,-0.474681320985934,0.654,0.821,1
"TRHDE-AS1",0.000404149511459078,0.603846273200076,0.754,0.657,1
"MGLL",0.000410468937611406,-0.583380745900901,0.592,0.761,1
"INTS6",0.000417819741589668,-0.430783672689596,0.469,0.687,1
"PPFIBP2",0.000423927321277164,-0.321500698663742,0.19,0.388,1
"PARP9",0.000423927867066194,0.54629928106977,0.303,0.09,1
"FOXK1",0.000426182493822717,-0.337655038119829,0.445,0.672,1
"SPRED2",0.000428214446408699,-0.551894226980249,0.427,0.612,1
"GBE1",0.000431609852069296,-0.545959907454549,0.787,0.94,1
"ROCK2",0.000439857498639979,-0.467984664260451,0.739,0.821,1
"MAP2K3",0.000449009994923166,-0.368362977772031,0.18,0.373,1
"HAND2-AS1",0.0004571498151221,0.633491846823005,0.355,0.149,1
"DLC1",0.000457865504840861,-0.363173120689582,0.957,1,1
"GARS-DT",0.000470146433722454,0.482831177122655,0.782,0.612,1
"NAGLU",0.000474102182306223,0.428391277397355,0.303,0.09,1
"ANKRD12",0.000476765305398823,-0.404966646769228,0.782,0.881,1
"AC097376.3",0.000486592773173566,0.470591585382036,0.374,0.149,1
"ARHGAP18",0.000487303206430312,0.431973521128808,0.389,0.149,1
"NMT2",0.000488369068606284,-0.490552739118922,0.412,0.597,1
"CASC15",0.000491666987983939,-0.43494640963576,0.133,0.313,1
"BMPER",0.000499534353847671,-0.580542901274639,0.607,0.776,1
"ANKRD30A",0.000500814428881693,0.952444744802627,0.479,0.269,1
"CREBZF",0.00050430516776125,0.456097716755553,0.45,0.209,1
"ZNF559",0.000506347415548217,0.493694159342216,0.464,0.224,1
"MSH3",0.000508761606091707,0.472233089217936,0.754,0.582,1
"DLG2",0.000510170043481626,-0.427282537937931,0.791,0.925,1
"EGR1",0.000511943985745347,-0.485703108375264,0.645,0.746,1
"MON2",0.000518622931844796,0.446923891159779,0.848,0.851,1
"SMURF2",0.00051894123205479,0.690874654036755,0.706,0.522,1
"CHD1",0.000525093555643066,-0.440291222014807,0.54,0.687,1
"CDK14",0.000528838814180132,0.732831884637972,0.744,0.627,1
"MRC2",0.000529468747153875,0.568982440505239,0.602,0.373,1
"PEMT",0.000531180951465598,-0.525587286021626,0.209,0.403,1
"ARHGEF3",0.000535998814224941,0.660551711818749,0.592,0.373,1
"ZNF652",0.000546063464082742,0.583345566623889,0.611,0.373,1
"TAF11",0.000553640376820261,0.419371832515863,0.36,0.134,1
"AF117829.1",0.000554364047049068,0.564066230608045,0.668,0.463,1
"SP100",0.000565208413993182,0.571570292943812,0.621,0.403,1
"AL049828.1",0.000566524886075263,0.605355501009976,0.502,0.269,1
"ZMYM1",0.000571414513140383,0.578699898493035,0.427,0.194,1
"Z83843.1",0.000573357985844594,0.502973791656268,0.45,0.224,1
"AKAP9",0.000574585039692777,0.461149784947601,0.825,0.791,1
"ZC3H6",0.000575421315238002,0.57484041204957,0.564,0.328,1
"SBNO2",0.000579058609867993,-0.457915824674098,0.28,0.478,1
"SGO1-AS1",0.000587362150416507,0.7644202244341,0.398,0.179,1
"EIF2B3",0.000608491016300221,-0.494652053592222,0.611,0.716,1
"WDFY2",0.000611465046100743,-0.481115683436525,0.55,0.716,1
"LMCD1",0.000612385395693295,-0.666555403009447,0.166,0.343,1
"SHISA6",0.00063123373478745,0.708493617597771,0.384,0.164,1
"NPY1R",0.000631484742252303,-0.50409880435793,0.185,0.373,1
"GXYLT2",0.000633477456592735,0.580383064225943,0.626,0.388,1
"NAALADL2",0.000649595627435393,0.452202831952834,0.905,0.881,1
"KRCC1",0.000656936145142948,0.561152688996021,0.498,0.284,1
"SLC22A3",0.000673168476861602,-0.674461887757776,0.336,0.522,1
"LINC02649",0.00068035466381902,-0.522369859046029,0.583,0.731,1
"ANKRD11",0.000683875479001938,-0.35133743639295,0.848,0.955,1
"RABGEF1",0.000685309054325774,0.434871920789989,0.872,0.866,1
"LINC02202",0.00068769946007134,0.534474781202348,0.517,0.299,1
"PRKCH",0.000693723302882202,-0.648881388368839,0.597,0.761,1
"KIAA0408",0.00069497494730805,0.546305381012165,0.445,0.239,1
"FRS2",0.000695998498775957,-0.457713282396078,0.626,0.761,1
"SNTB2",0.000703782142421621,-0.489102389205663,0.464,0.642,1
"CCT2",0.000707927507370976,-0.486585833706092,0.156,0.328,1
"NUP43",0.00070888986200852,0.351567938672009,0.322,0.104,1
"RNPC3",0.000713074365838722,0.527813258117376,0.569,0.358,1
"DOCK4",0.000713428186496035,0.756303235211127,0.815,0.701,1
"ADAMTS9",0.000724223163810166,-0.600155407959461,0.559,0.716,1
"ACER3",0.000725747922297842,0.572730391857955,0.697,0.507,1
"ADAMTS9-AS1",0.000728761300498721,0.438730990469082,0.36,0.134,1
"ROR1",0.000730187709073005,0.545339910045964,0.72,0.537,1
"DUSP14",0.000734808000589311,-0.369137893639636,0.194,0.373,1
"LPAR1",0.000745710462237501,0.647962548979323,0.701,0.478,1
"SERINC5",0.00074924587706992,-0.664103599453004,0.427,0.612,1
"LYPLA1",0.000749518775184488,0.465185892597727,0.351,0.119,1
"BICRAL",0.000759434467514851,0.572483932489551,0.754,0.612,1
"MT-ND4",0.000771997800051573,0.44342568973905,0.592,0.358,1
"RNF170",0.000781127117708688,0.443147631334065,0.408,0.194,1
"ZNF518A",0.000781730761589754,0.608094658337498,0.706,0.597,1
"SLC33A1",0.000783279413109555,0.432517443263459,0.332,0.119,1
"SRSF4",0.000798937275747778,-0.467642880548044,0.725,0.821,1
"AC007262.2",0.000828139439995168,-0.565371484870976,0.19,0.358,1
"SYNPO",0.000829022116456455,-0.376625530488242,0.18,0.358,1
"BMPR1A",0.000835727909347511,-0.437007937488253,0.81,0.866,1
"LDLRAD3",0.000851988633782832,-0.474589576374203,0.701,0.866,1
"NAPA",0.000858627850988892,-0.369311563112333,0.218,0.403,1
"KLF4",0.000859396724242104,-0.390160706079472,0.251,0.433,1
"PMEPA1",0.00086327051832615,-0.325265829593096,0.199,0.403,1
"VPS36",0.000867515249137575,0.583066038592874,0.445,0.239,1
"TSC22D3",0.000874282710287167,-0.518394242841373,0.175,0.343,1
"APBB2",0.000884521342373783,-0.413022260770683,0.858,1,1
"ZNF37A",0.000885739336901215,0.483104943312636,0.417,0.209,1
"BANK1",0.000888563785667854,-0.450596743275338,0.251,0.448,1
"TBL1Y",0.000896106718076362,-0.554677807615141,0.597,0.746,1
"PLIN4",0.000898339388759847,-0.398169942019394,0.787,0.94,1
"LRIG3",0.000900303962079778,0.394009385098885,0.355,0.134,1
"S100PBP",0.000907434625623568,0.561694726844013,0.531,0.313,1
"AGBL4",0.000909945110153063,-0.645052520869057,0.673,0.821,1
"RPLP2",0.000913154649033505,-0.310672381021447,0.474,0.672,1
"BCKDHB",0.000915714396084573,0.582451114542041,0.739,0.612,1
"MTSS1",0.000931722205722814,-0.437906231452513,0.441,0.627,1
"METTL15",0.000950361624822837,0.52671477229766,0.758,0.642,1
"ATG12",0.000950493213815973,0.361472268775299,0.346,0.134,1
"CYBRD1",0.000962535578105209,0.60060350594902,0.716,0.478,1
"AC004160.1",0.000965018251978391,-0.35606878531171,0.853,0.955,1
"PELI2",0.000976098564218718,-0.469445140135682,0.355,0.537,1
"LEPR",0.000983455295824256,-0.989863691611054,0.441,0.612,1
"TRIB1",0.000991798832946641,-0.531881434885549,0.152,0.313,1
"RHOA",0.000994787334001681,-0.348926597958448,0.63,0.761,1
"ATRX",0.00100598317026007,0.48410855159921,0.81,0.716,1
"IPMK",0.00100673440416919,-0.304889962679608,0.161,0.343,1
"PHKA2",0.00101451009159871,-0.391272738318358,0.336,0.522,1
"STAT1",0.00102513162680027,0.591970570660382,0.427,0.209,1
"SORT1",0.00103432404052108,-0.538413618380156,0.63,0.776,1
"ATP6V1C1",0.00104399053204973,0.416254016298355,0.455,0.239,1
"NBEA",0.00104927320968107,0.670431872017651,0.498,0.299,1
"SLC4A4",0.00105852456044461,0.674523675666847,0.678,0.463,1
"GNB1",0.00106407283855256,-0.349928611245534,0.744,0.91,1
"SNHG14",0.00106726082513203,0.657657506010065,0.711,0.612,1
"SLC35A3",0.00106876308709953,0.418719586989165,0.483,0.239,1
"MIATNB",0.0010791748170175,0.460242855575126,0.441,0.224,1
"TLE5",0.00108382066168397,0.403730064859666,0.313,0.104,1
"C11orf49",0.00109441933254244,0.609144016398901,0.55,0.343,1
"ARF4",0.00109713034265825,-0.479220984385826,0.412,0.597,1
"CASC3",0.00110062143425738,0.559090958775592,0.54,0.313,1
"PNRC1",0.00110173605662394,-0.398018824207138,0.246,0.433,1
"DST",0.00111236472519909,0.6523996274944,0.825,0.731,1
"BCAR3",0.00113122592670909,-0.563469322345859,0.592,0.731,1
"ACSL4",0.00113276237273305,0.557539918316386,0.474,0.269,1
"ANXA4",0.00115482765226849,0.586362497967009,0.635,0.433,1
"TENM3",0.00116162270606262,-0.426253937518602,0.815,0.925,1
"EBF2",0.00117973724694906,0.608390362823745,0.9,0.866,1
"TMSB4X",0.00120253449893657,0.805455006930316,0.512,0.299,1
"CMPK1",0.00120747600320876,-0.527326478407436,0.36,0.537,1
"ZDHHC21",0.00121566063175655,0.480183377547972,0.645,0.493,1
"EPAS1",0.00123163542000549,-0.551224941507118,0.403,0.552,1
"ZCCHC7",0.00125014018461011,0.467996478110881,0.872,0.851,1
"CHCHD3",0.00125389291834511,-0.603557614532973,0.668,0.791,1
"ACSS2",0.00128324534059272,-0.419293868726571,0.73,0.866,1
"SLC7A2",0.00128782508169232,0.618006240236225,0.303,0.104,1
"ANXA11",0.00129543439419831,-0.481154946860125,0.479,0.642,1
"ACSF2",0.00129863399466492,-0.431396753453859,0.322,0.537,1
"ACTR10",0.00133738919073165,0.522744544447035,0.493,0.299,1
"ABLIM1",0.00134667334869018,-0.391244859198448,0.81,0.896,1
"ANXA1",0.00135133096999981,-0.362126671405069,0.787,0.881,1
"FGD5",0.001357732661992,0.485063972319161,0.45,0.194,1
"GSE1",0.00138314065471821,-0.441903453918766,0.839,0.925,1
"SKI",0.0013955199410916,-0.546009701316597,0.749,0.761,1
"KIRREL1",0.00139567551095488,-0.540729913180913,0.664,0.821,1
"MYOM1",0.00140422607944017,-0.451674259517187,0.303,0.493,1
"LGALS3",0.00141629378920124,0.45717238220836,0.474,0.269,1
"BCL7A",0.00142889885885118,-0.441325941401027,0.171,0.343,1
"LYRM1",0.00143072272162134,-0.465245168812209,0.209,0.388,1
"GPAM",0.00145347793408043,-0.571315347433467,0.791,0.91,1
"CTCF",0.00145877550917236,0.599551752590576,0.531,0.343,1
"SYCP2L",0.00146433690936305,0.466358053237076,0.374,0.164,1
"MT-ND3",0.00146743018234581,0.401408457449411,0.645,0.403,1
"RAPGEF2",0.0014861842126436,-0.508556603441471,0.649,0.791,1
"RBPJ",0.00149787058394492,0.514692278162712,0.844,0.701,1
"HGSNAT",0.00150402946486875,0.45136208952115,0.659,0.478,1
"S100A6",0.00151778895414921,0.556195080960007,0.365,0.149,1
"TSPAN9",0.0015263609659633,-0.4476518975535,0.445,0.612,1
"RIN2",0.001529261018024,-0.303527745545732,0.82,0.925,1
"MECOM",0.0015338671084926,-0.392239194185977,0.825,0.91,1
"ZNF586",0.00153558775835606,0.506693908245705,0.621,0.418,1
"ANTXR1",0.00154631538804693,0.621953024985131,0.616,0.418,1
"HAVCR2",0.00155009246199028,0.359290875106075,0.318,0.119,1
"CPED1",0.00155104441632207,-0.396265517490133,0.645,0.806,1
"RFX1",0.00155209194386391,-0.364090564178417,0.232,0.418,1
"PTPRQ",0.00156038760207297,-0.464645419656326,0.209,0.388,1
"MT-ATP6",0.00158411191621091,0.401519347670681,0.55,0.299,1
"SLC2A3",0.00158823972555477,-0.384498165407775,0.327,0.522,1
"PCF11",0.00159814185475425,-0.381311431835251,0.393,0.552,1
"MYADM",0.00163710104224051,-0.396920829555187,0.469,0.627,1
"EVA1C",0.00163840276951548,0.572028326179003,0.54,0.313,1
"PKD2",0.00165171039950543,0.519817376527761,0.706,0.552,1
"TMEM168",0.00165289031738748,0.3967700567476,0.536,0.299,1
"UBE2H",0.00168397013596257,-0.337675904595502,0.806,0.866,1
"MREG",0.00169073205460877,-0.388812474186081,0.493,0.627,1
"PPARG",0.00170652668067267,-0.369861897378323,0.905,0.955,1
"MCM3AP",0.00174042452929856,0.503411959408627,0.545,0.328,1
"UBA6-AS1",0.00174274173198948,0.48188744835718,0.365,0.164,1
"MAP2K1",0.00175311103053602,-0.471646576013989,0.493,0.672,1
"MAMDC2",0.00176068207811107,0.534582147211582,0.398,0.179,1
"TARS",0.00179093279489538,-0.331643141152942,0.171,0.343,1
"HIVEP3",0.00181018317396825,-0.507037104921573,0.607,0.701,1
"SELENOP",0.00181469676646346,0.509649462630648,0.493,0.269,1
"WDPCP",0.00181501567309556,-0.526726136409489,0.886,0.91,1
"MIR193BHG",0.00181521024124417,-0.446407577130443,0.602,0.761,1
"AL591463.1",0.00183127614100275,0.467335651009369,0.313,0.119,1
"MEIS2",0.00186480980509694,0.442968078011919,0.815,0.776,1
"RAB28",0.0018673366315303,0.55356961807154,0.569,0.358,1
"PIN4",0.00188586985550731,0.405518259169146,0.365,0.164,1
"ADAMTS1",0.00188911792501778,-0.436103306943988,0.237,0.433,1
"ARHGAP24",0.00192351776970892,0.535525777276632,0.853,0.821,1
"ZSCAN5A",0.00195102238482487,0.538990883181168,0.464,0.269,1
"CHST3",0.00195123223194074,-0.69341808708074,0.18,0.343,1
"INSR",0.00195983882027095,-0.304596374571831,0.877,0.94,1
"RREB1",0.00199185979247341,-0.394425538328415,0.801,0.896,1
"DPH6-DT",0.00200617824885862,0.54903284353743,0.374,0.164,1
"ROBO2",0.00203121001822622,-0.580117587737635,0.237,0.418,1
"OGT",0.00204366909304999,0.409530376230692,0.773,0.701,1
"UBE2D3",0.0020446583208036,-0.496391371359619,0.697,0.776,1
"BAZ1A",0.00205005906116529,-0.498756052876551,0.403,0.567,1
"ACAP2",0.00205226880713457,-0.346062243735729,0.64,0.776,1
"FNIP2",0.00207897563816128,-0.380753796934189,0.536,0.716,1
"ME1",0.00211523229605109,-0.505092886161944,0.526,0.672,1
"EEPD1",0.00211878332370205,-0.50351672575693,0.706,0.776,1
"PFKFB1",0.00213896491568107,-0.395586071403862,0.588,0.746,1
"GRK3",0.0021511091492643,0.637294544217186,0.611,0.433,1
"PAPOLA",0.00215149415875343,0.386747009162527,0.592,0.358,1
"WASF3",0.00216374199355499,-0.40536962715186,0.408,0.582,1
"RASGRF2",0.00216589880094846,-0.439672164136161,0.464,0.642,1
"PCNX2",0.00217272276520001,0.815040308059613,0.379,0.194,1
"GCN1",0.00221008965515159,-0.309068498263464,0.294,0.478,1
"PNPT1",0.00221973181750629,0.472160436121772,0.403,0.194,1
"COL6A2",0.00222761839994426,0.486995866423982,0.555,0.328,1
"ARID5B",0.00224231540959059,-0.453351338924211,0.701,0.836,1
"RPS6KA2",0.00224255582219789,-0.382733477981306,0.313,0.478,1
"CARMIL1",0.00224306196584408,0.652445194275117,0.607,0.388,1
"ATP1B3",0.00227779289131851,-0.361571512416669,0.441,0.627,1
"FYN",0.00229964313523615,0.55261721632242,0.806,0.701,1
"DPY19L4",0.00230188759693439,0.485090128005936,0.398,0.194,1
"NFIC",0.00230843524630661,-0.330634290650877,0.877,0.94,1
"PCSK5",0.00232012370720684,-0.396302823650659,0.706,0.806,1
"EBF3",0.00233876139417894,-0.329528968234612,0.597,0.761,1
"PRIMPOL",0.00234353449325035,0.414889895520743,0.374,0.179,1
"HMG20A",0.00237757087864323,0.608295546059992,0.351,0.179,1
"UPF3A",0.00239183449431004,0.614062237952422,0.645,0.433,1
"ZNF676",0.00240695283991616,0.366494747759091,0.341,0.164,1
"SDHAF2",0.00244106660280717,0.419122049455957,0.374,0.164,1
"PROCR",0.00245906336517939,0.501011357863821,0.346,0.149,1
"CAAP1",0.002461551976893,0.429318206982659,0.36,0.164,1
"ANO6",0.00246877822443244,-0.40030477440686,0.825,0.925,1
"ITGB1BP1",0.00248890340798449,0.509196599257687,0.664,0.552,1
"TTC1",0.0024903078764863,0.305231763289107,0.341,0.149,1
"CSPG4",0.00249231481631477,-0.308639061538398,0.313,0.493,1
"NOTCH2NLC",0.00256570636890412,-0.405199632485763,0.237,0.403,1
"AGAP1",0.00256622290718033,0.545805104310069,0.863,0.821,1
"FAM110B",0.00258697157608319,0.572741288244484,0.455,0.239,1
"FOXO3",0.00259097919070657,-0.680277801357576,0.758,0.836,1
"XPR1",0.00259835605102327,-0.470281979021805,0.464,0.642,1
"NASP",0.00259921126445032,0.65252003057448,0.441,0.269,1
"EPB41L1",0.0026525038499671,-0.516327266482484,0.365,0.552,1
"PPP1R10",0.00265417448965819,-0.38514919559216,0.445,0.582,1
"DENND4A",0.0027040732641234,-0.314483850688821,0.692,0.836,1
"GLYAT",0.00270529508700074,-0.360466912485038,0.289,0.493,1
"COL12A1",0.00272392648629922,0.585771483187667,0.469,0.254,1
"SECISBP2L",0.00274168261636391,0.373570067801365,0.621,0.448,1
"FAM20A",0.00274304037515662,0.517489922759185,0.365,0.179,1
"SLC9A9",0.00275300992432892,-0.350702805664253,0.735,0.851,1
"CLMP",0.00275721421225714,-0.457805408422056,0.834,0.91,1
"ME3",0.00277865611742896,-0.434790592970254,0.417,0.567,1
"COX15",0.00279435578111173,0.383736310697249,0.393,0.179,1
"KDM6A",0.00280698761530877,-0.373363977245015,0.687,0.761,1
"ZBTB7C",0.00281532810321233,0.611256042459251,0.351,0.164,1
"ANAPC4",0.00285155819836956,0.4384049660985,0.379,0.179,1
"ARL6IP1",0.00285406652421533,-0.352847308534304,0.156,0.313,1
"ATP6V1D",0.00285987036328084,-0.373983486386583,0.246,0.418,1
"TNFAIP2",0.00286507142927618,0.537034923348295,0.36,0.179,1
"LDHA",0.0028769469299413,-0.407216965297958,0.308,0.478,1
"CDV3",0.00289321591084229,-0.396157409688191,0.275,0.418,1
"LINC02237",0.00290847599058026,0.59819952693616,0.744,0.731,1
"S100A10",0.00295226135429418,0.605063695794745,0.318,0.134,1
"PARP4",0.00295309691724894,0.491048128339606,0.531,0.343,1
"CDC42",0.00295484655328106,-0.42133106831452,0.445,0.627,1
"DENND6A",0.00299067860573204,0.455468115593411,0.54,0.388,1
"BMPR2",0.00299202812220085,-0.340798714305298,0.773,0.925,1
"VCP",0.00300611344699159,-0.368341111107987,0.346,0.478,1
"SLC25A32",0.00303006867974808,0.41264212777375,0.346,0.164,1
"TYRO3",0.00313928330686366,-0.30815851602482,0.27,0.448,1
"TBC1D4",0.00314263846209746,-0.368770453659703,0.777,0.94,1
"AC011287.1",0.00321271294088065,-0.70638705267278,0.374,0.537,1
"LINC01301",0.00323588607829676,-0.372395293282199,0.427,0.597,1
"AC138150.1",0.00323868750811495,0.527113970722732,0.597,0.448,1
"FBXO11",0.0032486323048381,-0.365480060082414,0.782,0.896,1
"NR3C1",0.00325367153825149,-0.386520721531442,0.81,0.896,1
"GNG12-AS1",0.00325574340163644,-0.32113936704217,0.223,0.403,1
"CAPS2",0.00328365443304703,0.476976261801212,0.559,0.403,1
"YWHAE",0.00329332157351308,-0.319450003015282,0.716,0.866,1
"MAPK10",0.0033214519245491,-0.321557489879152,0.905,0.97,1
"ZNF875",0.00332803722399589,0.452358061658491,0.441,0.239,1
"CATSPERB",0.00332847868267426,0.354525300568269,0.346,0.149,1
"YAP1",0.00335368994700773,-0.358095842853377,0.839,0.896,1
"RARS",0.00336494599558213,0.320509031287642,0.417,0.194,1
"MAST4",0.00337895636108799,-0.335038908112522,0.91,0.97,1
"ZNF680",0.00338865343545587,0.451785585423576,0.564,0.373,1
"RTN3",0.00338948037250228,-0.426168049961905,0.82,0.881,1
"TXNRD1",0.00339462977227304,-0.441022485402895,0.526,0.672,1
"PCNX1",0.00339528127164638,0.390059301596451,0.839,0.731,1
"RSBN1",0.00339780956886015,0.382366609111107,0.346,0.164,1
"HDAC4",0.00340136573268639,-0.360074080916557,0.682,0.776,1
"C2orf42",0.00342216486803404,0.367727669688847,0.346,0.149,1
"EIF2AK2",0.00342424001795959,0.511034972462329,0.592,0.388,1
"ADHFE1",0.00345709678590562,0.468187842268902,0.678,0.537,1
"METTL2B",0.00345895576162292,0.440498447186105,0.55,0.328,1
"SIK2",0.00349788994471379,-0.38125069833074,0.919,1,1
"MFSD4B",0.00350126299431085,0.357836548256401,0.545,0.328,1
"RPL41",0.00350271729504454,0.516336341994884,0.517,0.313,1
"AC107223.1",0.00354442988479512,0.507760573918725,0.427,0.239,1
"TENT2",0.00355138302835288,0.390069193019388,0.82,0.791,1
"FAM204A",0.00357111869486282,0.377000289467533,0.464,0.284,1
"NUP153",0.00363073941397404,-0.526220415870227,0.507,0.672,1
"KIAA1841",0.00365033933887895,0.471152512618473,0.536,0.328,1
"ATL3",0.00366105652955425,0.402892873740569,0.436,0.254,1
"USP24",0.0036678235194568,-0.344370510720896,0.735,0.836,1
"RNF157",0.00366952543418478,-0.31298279385857,0.327,0.507,1
"TNFRSF1A",0.00368237851120494,-0.392056560671,0.299,0.463,1
"SLC38A10",0.00369469222843884,0.354450249633787,0.431,0.224,1
"ADAM12",0.00375122723070402,-0.537086895175531,0.664,0.761,1
"ZBTB8OS",0.00377000750448207,0.446067279958861,0.645,0.478,1
"SLF2",0.00385041814700128,0.415866384584335,0.592,0.388,1
"CTNNA1",0.003876015387689,-0.402343858902842,0.754,0.866,1
"AR",0.00388475589047463,-0.431126892824984,0.346,0.507,1
"MT-ND5",0.00390499928560987,0.791705905159703,0.436,0.269,1
"FAM126B",0.00391480461732795,-0.375167003636991,0.673,0.776,1
"CAST",0.00392140344762076,-0.353658810928421,0.706,0.821,1
"MAOA",0.0039642358004749,-0.522997334938252,0.626,0.806,1
"TBC1D16",0.0039818968834819,-0.323177390895241,0.711,0.836,1
"B4GALT5",0.00404409953663669,-0.36168694322261,0.398,0.597,1
"LHCGR",0.0040566656605575,-0.459569223173661,0.194,0.343,1
"CPQ",0.00406662629104683,0.569243451677341,0.82,0.806,1
"LARP4B",0.00409824768484217,-0.343659991147209,0.664,0.791,1
"TNFRSF10B",0.00417791009010729,-0.381444048372604,0.223,0.388,1
"AC073475.1",0.00417827001870908,0.56398611684188,0.564,0.373,1
"WWTR1",0.00425753426941961,-0.418424024682591,0.573,0.731,1
"LIPE-AS1",0.00427570926778151,-0.438996656880529,0.796,0.91,1
"KCMF1",0.00427655395010469,-0.475588712139728,0.559,0.701,1
"TCF7L2",0.004288084426542,-0.382588914969062,0.9,0.97,1
"MEIS1",0.0043674828599833,0.439827251365813,0.749,0.672,1
"ACSS3",0.00441876990200231,0.657666159445109,0.692,0.701,1
"KPNA1",0.00443271142638971,0.354976009007059,0.507,0.299,1
"UBE2G1",0.00443412072204768,-0.413583862942121,0.464,0.612,1
"SLC25A25",0.00445096890644579,-0.466733439854313,0.204,0.373,1
"CEP162",0.00448493051380672,0.302980229475708,0.322,0.134,1
"LNPK",0.00450451674340785,0.401875189132191,0.403,0.194,1
"FNTA",0.00451074713580708,0.457732414151069,0.431,0.254,1
"CRY2",0.00452899792803065,-0.422838562836441,0.474,0.612,1
"PPP1R12B",0.00456010688582983,-0.352686739914207,0.787,0.925,1
"FGD4",0.00458537707120627,-0.388951714525521,0.673,0.821,1
"CARS",0.00461725096542833,-0.331860984147027,0.213,0.373,1
"ZFAND5",0.00462889525807907,-0.355761341765407,0.474,0.627,1
"FTL",0.0046427293484191,-0.318823584987599,0.327,0.493,1
"PGRMC2",0.00464797830996382,0.471378660541298,0.455,0.284,1
"KRBOX4",0.00467288813230317,0.37062867754822,0.365,0.179,1
"CDK13",0.00467497871243786,0.357921146317189,0.848,0.791,1
"CCDC47",0.00469217594036119,-0.347461467634166,0.294,0.433,1
"DMTF1",0.00469850512975764,0.477793740213441,0.592,0.478,1
"EIF4G1",0.00471474302609412,-0.509046552592286,0.384,0.522,1
"PCGF6",0.00475219189441413,0.370139244496892,0.351,0.179,1
"MPHOSPH9",0.00475393668049599,0.353609326483442,0.431,0.224,1
"ZNF302",0.00480789602433997,0.346434855809121,0.37,0.179,1
"RLF",0.00485589965746858,-0.411391274887728,0.559,0.672,1
"RGS6",0.00489197132760096,0.440424225899036,0.303,0.119,1
"CUL1",0.00489935262186892,-0.347206145510181,0.592,0.716,1
"RRBP1",0.00493457075362381,-0.301730109077856,0.55,0.672,1
"NUDT5",0.00494236203076735,0.397022756634246,0.408,0.224,1
"PALMD",0.00495109109187483,-0.377751081613257,0.758,0.866,1
"DPYSL2",0.00497959478706425,0.465301175935643,0.578,0.373,1
"GABPA",0.00498616200804843,0.35610638775037,0.327,0.149,1
"KCNIP2",0.00498642417220574,-0.313704150910952,0.73,0.866,1
"AC012291.3",0.00502726464639743,-0.420149019732518,0.341,0.507,1
"CCDC80",0.00504042221443872,0.639296021168038,0.834,0.657,1
"NIPSNAP2",0.00509369623147606,0.38129440263938,0.479,0.284,1
"YWHAQ",0.00510895983953822,-0.365073261242389,0.398,0.537,1
"AP001528.1",0.00510977425751038,-0.324196857176697,0.725,0.851,1
"BTBD2",0.00512061416961061,-0.60709822209203,0.398,0.522,1
"PDXDC1",0.00512956196502602,-0.377782217596079,0.531,0.672,1
"TM7SF3",0.00514117465860278,0.525028720433566,0.531,0.343,1
"NDUFV2",0.00519359239169094,0.322500252784543,0.327,0.149,1
"RPS8",0.00525937288772737,0.437549000042292,0.408,0.209,1
"RALGPS2",0.00526297245431172,0.501532632948755,0.332,0.164,1
"TMEM14B",0.0052732250696952,0.489401516963818,0.768,0.657,1
"TMEM164",0.00528561620509699,-0.591984083768674,0.659,0.806,1
"LDB2",0.00530979701399959,-0.354169967613193,0.597,0.731,1
"SUCLG2",0.00532349943572578,0.451875628594889,0.697,0.567,1
"CEP57L1",0.00539929412258225,0.417371784473928,0.374,0.194,1
"PAFAH1B2",0.00541745514509655,-0.312044829024328,0.445,0.597,1
"MPP5",0.00542652050114874,-0.302183838997649,0.455,0.612,1
"LINC02615",0.00545639837409854,-0.360718955131725,0.621,0.806,1
"CYSTM1",0.00547216062648087,-0.449803157427994,0.682,0.776,1
"ANKAR",0.00548746552795214,0.43044171615156,0.607,0.433,1
"MAPK8IP3",0.00549929527812703,-0.409557586398904,0.431,0.567,1
"HADHB",0.00560478591229099,-0.329820970643755,0.526,0.642,1
"CEP290",0.00568680507755458,0.456546639587259,0.398,0.239,1
"PPP4R1",0.00573253650741095,0.377764115744807,0.493,0.299,1
"ATG14",0.00573836417240923,0.373836777255738,0.507,0.313,1
"MT-ND1",0.00575409065052951,0.47773692433943,0.479,0.284,1
"SORL1",0.00578518707490379,-0.346773584096412,0.227,0.388,1
"APPBP2",0.00581426784089991,-0.301004856149004,0.692,0.836,1
"GBF1",0.00582315800304825,-0.322816605435475,0.678,0.821,1
"AC245060.5",0.00596204117514808,0.356676867025752,0.351,0.164,1
"COBLL1",0.00599237793705241,-0.404388823832489,0.829,0.851,1
"CORO1C",0.00600981122305608,-0.376576208139174,0.54,0.672,1
"C3",0.00606481392810421,0.564565762048037,0.863,0.701,1
"DAB1",0.00606978436565971,-0.499278026380713,0.318,0.493,1
"LTBP4",0.00608596423610854,0.654543110044233,0.479,0.299,1
"MEF2D",0.0061833947435369,-0.425725923280953,0.327,0.463,1
"CLK4",0.00618394745511488,0.478616972151821,0.403,0.239,1
"AUTS2",0.00620521505257189,0.312062543999058,1,1,1
"GLCE",0.00620976245375192,0.38929283362656,0.384,0.194,1
"CALCRL",0.00627161706506675,0.78086301238116,0.621,0.463,1
"HACL1",0.00632434183577643,0.445233209347451,0.46,0.284,1
"ACO1",0.00642249763199157,-0.362590268289993,0.635,0.746,1
"LIN52",0.00643280530415151,0.432302803487061,0.531,0.343,1
"AFTPH",0.00646935719375637,0.401503563497101,0.483,0.299,1
"MTHFD1L",0.00647467302085629,0.651318565563408,0.313,0.149,1
"FBXW2",0.00649404612477234,0.36830145207634,0.389,0.209,1
"TTC17",0.00653629351288709,0.392188036187818,0.787,0.746,1
"HMGN3",0.00655215563306472,0.351352561568168,0.46,0.284,1
"ITPR3",0.00656336175558482,0.608046153052667,0.351,0.194,1
"MYOF",0.00656747297288882,0.450293266811461,0.526,0.313,1
"WSB1",0.00659302426267562,0.41262537506676,0.825,0.866,1
"ADGRD1",0.00661099684758761,0.504528917392031,0.393,0.224,1
"RUFY3",0.00661642240232006,0.402535913734851,0.768,0.612,1
"SGPP1",0.00669304787033605,0.385433670113924,0.393,0.224,1
"HNRNPR",0.00669811804119944,0.508754020738911,0.621,0.478,1
"LINC01697",0.00679994541163906,0.471614340272317,0.469,0.299,1
"PARL",0.00683216398891216,0.369425234292318,0.36,0.179,1
"ZFP64",0.00698140442674042,0.321690703685311,0.46,0.269,1
"TIMMDC1",0.00699976423060608,0.342022974472575,0.365,0.194,1
"CFLAR",0.00704154909552754,-0.330403575738534,0.801,0.881,1
"ST7L",0.00705272472194627,0.454724146149487,0.583,0.388,1
"GIGYF1",0.00707651327275119,0.38956215637396,0.403,0.209,1
"SLX4IP",0.0071125483792771,0.466224511382114,0.441,0.284,1
"MTCH2",0.0071294878141993,0.41674087953083,0.521,0.343,1
"HLA-E",0.0071397612462815,-0.37084862771678,0.171,0.313,1
"CAMK2D",0.00713978075893262,0.360183656863783,0.81,0.806,1
"JARID2",0.00718719887955596,-0.48478352947237,0.635,0.701,1
"CCDC125",0.00726438701023742,0.403926359559185,0.507,0.313,1
"AIFM2",0.00726531438140132,-0.437076426473919,0.555,0.642,1
"LINC02062",0.00731120251015879,0.408756648548081,0.474,0.299,1
"CCDC18-AS1",0.00734799566648487,0.42097046234482,0.73,0.597,1
"LMO7",0.00735104680656703,0.391912411392019,0.313,0.149,1
"FILIP1",0.0073527924901229,0.402199907843122,0.469,0.284,1
"UBQLN1",0.0074391294950047,-0.412582373150859,0.441,0.582,1
"SIN3A",0.00755903560217835,-0.316698467221057,0.46,0.627,1
"XPO4",0.00756664500367991,0.436238689389742,0.626,0.418,1
"INPP4B",0.00756832463875248,-0.394390129512289,0.261,0.448,1
"KLF9",0.007588431251997,-0.451560057882,0.327,0.463,1
"KRIT1",0.00759514879947217,0.397872569287248,0.588,0.418,1
"HTRA3",0.00767119767365592,0.502334290113251,0.389,0.209,1
"THOC1",0.00772285473787064,0.394581151539973,0.408,0.224,1
"NUP214",0.00781478424239038,0.464934285708706,0.54,0.373,1
"GLIS3",0.00785232706854903,0.451055322837075,0.63,0.478,1
"HDAC7",0.00792376286792885,0.447315975295739,0.479,0.284,1
"RTN4RL1",0.00793903605697256,-0.4085454391575,0.308,0.478,1
"ITPRID2",0.00801052689229426,0.361649468463307,0.313,0.149,1
"BLCAP",0.00802207499597951,-0.338288632289515,0.502,0.642,1
"GLS",0.00815074462470488,0.466346800539193,0.754,0.612,1
"SLC35E3",0.00816704578962573,0.397162531420756,0.346,0.179,1
"PPP2R5A",0.00818764014692725,-0.579540636745782,0.782,0.91,1
"TMED5",0.00820564082211086,-0.41052472696614,0.441,0.537,1
"FAM89A",0.00831477666602655,-0.313565630324254,0.332,0.478,1
"STK17B",0.00837223355962603,-0.43685446056388,0.209,0.343,1
"VGLL4",0.00841074758936996,-0.367600564102216,0.754,0.821,1
"LARP1B",0.00841880182278343,0.50809095594967,0.536,0.388,1
"STXBP1",0.00843860008287201,0.414209172482436,0.735,0.642,1
"BSDC1",0.00843903418865254,0.365479009132084,0.564,0.358,1
"FAM107B",0.00844418261982207,-0.448514523565502,0.678,0.761,1
"DUSP1",0.00848534073395772,-0.33739105031408,0.379,0.537,1
"MACROD2",0.00854046587230136,0.457226595963941,0.725,0.657,1
"HSPB11",0.00854134121194032,0.344884976517221,0.322,0.149,1
"PDIA3",0.00862554681567602,-0.305457965372919,0.289,0.433,1
"LAMA2",0.00866775706255196,-0.411231596969639,0.867,0.91,1
"RAB31",0.00867548820780203,-0.483628495635294,0.294,0.433,1
"TLE4",0.00870633272335636,-0.337934052494178,0.204,0.343,1
"PTPN3",0.00882194776454996,-0.323577687381459,0.246,0.388,1
"TWIST1",0.00882855528209788,0.409975264092793,0.469,0.313,1
"B2M",0.0088582446011153,0.636776217652817,0.592,0.433,1
"SMARCA5",0.0089016689861399,-0.462433271408792,0.322,0.463,1
"EYA1",0.00895386370884086,-0.369629754268936,0.464,0.642,1
"SH3BP5",0.00900876229072348,-0.384542985284068,0.479,0.642,1
"AC245297.3",0.00900898003395004,-0.331838164019537,0.308,0.463,1
"PDK4",0.00902420225622042,0.638906336844126,0.773,0.701,1
"NR3C2",0.00903463878488993,0.452780598946685,0.749,0.672,1
"DPY30",0.00913101024934513,0.317585891116372,0.308,0.149,1
"FOCAD",0.00920714952712985,0.43309775006986,0.692,0.522,1
"GLCCI1",0.00923569217388263,0.371628413373303,0.649,0.567,1
"MCAM",0.00924285502246177,-0.397933261877697,0.341,0.478,1
"UBN1",0.00932582683865714,0.306027707020597,0.517,0.299,1
"ARID4B",0.0093270311798055,-0.333740753371733,0.754,0.881,1
"RFX2",0.00942939001693928,-0.341850167498801,0.427,0.582,1
"ALDH1L1",0.0094519953876424,-0.451826269274622,0.498,0.612,1
"TRMT61B",0.00951891972273811,0.333454685963823,0.327,0.164,1
"MFSD8",0.00969105358062355,0.346524653243566,0.355,0.179,1
"RNF145",0.00969781064008447,0.418930050245063,0.379,0.209,1
"KIAA0232",0.00971560604946305,-0.312773413159513,0.697,0.791,1
"RGL1",0.00972208239448159,0.444257458943543,0.578,0.388,1
"SLC25A12",0.00974196186504475,-0.532801197028634,0.45,0.537,1
"SEC24A",0.00974249390937487,-0.312619001202431,0.422,0.567,1
"ATP5MC2",0.009754057936167,0.39318259539549,0.36,0.194,1
"PRH1",0.00978715487019349,0.429554656449661,0.559,0.418,1
"USP36",0.00981613230056663,-0.418270588723285,0.455,0.582,1
"AGPAT3",0.00984155888152433,-0.328757585521872,0.464,0.582,1
"AHDC1",0.00991899314987105,0.560894405888815,0.545,0.373,1
"IRS2",0.00996990529229394,0.523794409115009,0.739,0.806,1
"TBC1D12",0.0100159171845696,0.618866803291353,0.502,0.358,1
"NSD3",0.010019141330758,0.480803229496162,0.716,0.687,1
"ANKRD10",0.0100439265269171,0.519348114707587,0.578,0.448,1
"AFDN",0.010078969034835,0.407987225264349,0.564,0.403,1
"ERGIC3",0.0101095005927474,0.331679786224746,0.318,0.149,1
"CFAP44",0.0101408834824564,0.353624536987431,0.398,0.224,1
"ZNF91",0.0103290523850196,0.358843280691116,0.716,0.567,1
"TRAPPC11",0.0103338146479068,0.379049391084199,0.389,0.224,1
"AC104806.2",0.0103851085913732,0.330606033033025,0.318,0.164,1
"RBBP6",0.010434864833887,-0.356209951748363,0.408,0.552,1
"CDC27",0.0104551538803161,-0.318190825665788,0.555,0.687,1
"SPEN",0.0104600993323043,-0.342208863451026,0.602,0.716,1
"TMEM184B",0.0104774410419664,-0.377759724589899,0.332,0.463,1
"RAD51-AS1",0.0105868224957741,0.413760688034696,0.346,0.194,1
"DISP1",0.0106625589647624,0.467139620280654,0.341,0.179,1
"COL6A3",0.0107915184657851,0.656280897766965,0.645,0.537,1
"BMP1",0.0108242067950944,-0.401556263848775,0.209,0.343,1
"CTPS2",0.0108406974792114,0.336383681504769,0.346,0.179,1
"MRPL20",0.0108425133067921,0.344396196181543,0.318,0.149,1
"ATP5MG",0.0108657914817576,-0.379660034606091,0.194,0.313,1
"CCDC186",0.0108702448894725,0.318601755204497,0.308,0.149,1
"HADHA",0.0108893031651981,-0.381806616327221,0.403,0.522,1
"ZC2HC1A",0.0109605141350418,0.44809086847284,0.389,0.224,1
"DLGAP2",0.0110031255136987,0.497402467707058,0.36,0.209,1
"HM13",0.011022423269393,-0.329301313381347,0.427,0.567,1
"CNTFR",0.0110358824748176,-0.407453014793851,0.384,0.522,1
"RALGPS1",0.0110876471309406,0.34776019952678,0.303,0.149,1
"DDB2",0.0111525114527576,0.3866112644139,0.521,0.328,1
"AIG1",0.0111873580987179,-0.330949726912623,0.592,0.761,1
"MIDN",0.0112131869182742,-0.382079431572442,0.289,0.418,1
"TAF15",0.0113987927176826,0.310138098415098,0.73,0.687,1
"LINCADL",0.0114639116290839,0.422123139982567,0.46,0.313,1
"SERGEF",0.0115640972654062,0.327409185952425,0.327,0.164,1
"UBR1",0.0115778488336505,-0.312300613553006,0.649,0.731,1
"CNTRL",0.0115817036513396,0.365076052738086,0.417,0.239,1
"CEP95",0.011773177163861,0.335951428186664,0.483,0.313,1
"TET1",0.0118230389306054,0.442281373970208,0.578,0.418,1
"FAM149B1",0.0119739030842685,0.304911454095287,0.379,0.224,1
"TRMT2B",0.0121210117231207,0.359755315162511,0.36,0.194,1
"LUZP1",0.0122431893582133,-0.34416295012407,0.436,0.552,1
"SLC38A9",0.0122479115256133,0.356670525974294,0.493,0.328,1
"CAP1",0.0122813116733816,-0.458167637628715,0.275,0.403,1
"SLCO3A1",0.0123005479095004,0.380554943669133,0.621,0.478,1
"MAP2K2",0.0123690535173753,0.323678786303441,0.327,0.179,1
"AC005562.1",0.0125199974172486,0.352160614343826,0.441,0.269,1
"PURA",0.0126026967480314,0.387387798336094,0.417,0.269,1
"OXCT1",0.0126057619051934,0.401673031545727,0.45,0.299,1
"OGA",0.0126469718771649,-0.387642839187579,0.886,0.97,1
"PARP11",0.0127682496240343,0.35697678984557,0.374,0.224,1
"ZNF248",0.0128794194048998,0.492720036490803,0.573,0.433,1
"OIP5-AS1",0.0128969798388597,0.449714585288981,0.507,0.358,1
"RPL28",0.0129146831070096,0.518075115670874,0.355,0.194,1
"PABPC1",0.0129310814985413,-0.315998093107272,0.621,0.701,1
"MTRNR2L12",0.012962135266567,-0.454363392616576,0.275,0.433,1
"HEATR5A",0.0129635680550079,0.479535506101937,0.668,0.552,1
"ARMH4",0.0131233598817652,0.370418782998095,0.507,0.328,1
"MYO9A",0.0132772820638657,0.344331457840515,0.829,0.821,1
"AC016821.1",0.0133328736550084,-0.37796486815949,0.246,0.373,1
"TRIM4",0.0133636099363768,0.355887810687152,0.384,0.224,1
"CSPP1",0.0134241954480432,0.302980756018835,0.521,0.343,1
"UGP2",0.0134794465020646,-0.425344538650884,0.649,0.746,1
"NR4A3",0.0136446754129257,-0.30952549054833,0.185,0.328,1
"CALB2",0.013740374446642,0.387257657081233,0.332,0.179,1
"DAPK2",0.0138338796050673,-0.387127491111371,0.621,0.716,1
"WDR20",0.0140018783338678,0.338749512490037,0.796,0.761,1
"TNNI3K",0.0140591055943814,0.359415070048236,0.441,0.269,1
"TATDN3",0.0140885113805617,0.400232620156084,0.365,0.224,1
"PON2",0.0141181825191685,0.37527882312789,0.322,0.179,1
"SMIM8",0.0141968989400911,0.302366797780993,0.408,0.239,1
"NDFIP1",0.0142271402639753,-0.322649835305164,0.659,0.791,1
"SIPA1L1",0.014247210194266,-0.363237252467911,0.621,0.746,1
"PPM1B",0.0142688153619071,-0.438901620610867,0.645,0.761,1
"ZRANB3",0.0143490951516922,0.391409581042451,0.531,0.388,1
"ZNF721",0.0144232059698673,0.351993379659487,0.654,0.552,1
"SMIM7",0.0144303168122496,0.38155191455527,0.583,0.418,1
"BTBD7",0.0144642829917566,0.324921421895045,0.602,0.448,1
"MAP3K13",0.0145220460071814,-0.394315360721981,0.275,0.403,1
"KLB",0.0145718976969118,0.511741728999434,0.63,0.567,1
"USO1",0.0145978149427986,0.448404272793792,0.659,0.522,1
"ZNF397",0.0146115793810354,0.402839922477937,0.318,0.179,1
"LINC00278",0.0147287833749457,0.404488403825319,0.891,0.91,1
"SLC38A6",0.0148168708118123,0.343730941168558,0.479,0.299,1
"PACRGL",0.0148901764809139,0.315747329111451,0.318,0.164,1
"GALNT1",0.0149343569680522,-0.391431008255534,0.374,0.507,1
"PLOD2",0.014972283849021,-0.346926339406862,0.455,0.582,1
"RPS6KA5",0.0152571374791615,-0.39944164324394,0.384,0.493,1
"NUP98",0.0152941649470162,-0.343471347818968,0.668,0.746,1
"TRIM33",0.0153263811661874,0.343635566735737,0.602,0.433,1
"ENTPD3-AS1",0.0153477973586405,0.376590914953141,0.408,0.254,1
"ABCC5",0.0154570472475879,0.33154582658068,0.389,0.209,1
"C1GALT1",0.0156255752652671,0.336026944427247,0.365,0.209,1
"RABEPK",0.0157628522753628,0.3997541719277,0.436,0.284,1
"ANKS3",0.0157966636018179,0.4091924149472,0.374,0.224,1
"SNAPC3",0.0158415849814658,0.444825589110671,0.37,0.239,1
"KCND3",0.0158600011366226,-0.378139192502724,0.28,0.433,1
"ADAR",0.0158891084971271,0.366775100016831,0.422,0.269,1
"MYH9",0.0161101870122776,-0.407475010891619,0.45,0.567,1
"CCNH",0.0161825287978028,-0.318923318378961,0.73,0.851,1
"POM121",0.0163763708173018,-0.34268851104903,0.592,0.701,1
"EIF4G2",0.0164095938273724,-0.4030908471288,0.365,0.493,1
"WDR82",0.0164550203388381,0.318887690930908,0.45,0.269,1
"CNTN3",0.0165151980781249,-0.450878892319782,0.185,0.313,1
"TRA2A",0.0165233247096932,0.31928295167181,0.796,0.672,1
"C1S",0.0165775246078803,0.457824599829213,0.569,0.418,1
"ZNF138",0.0166196019723765,0.375865379824171,0.308,0.164,1
"EIF1",0.0167028891186992,-0.437919888929916,0.36,0.478,1
"XAF1",0.0167363088227029,0.456588183107957,0.36,0.224,1
"CASC4",0.0169029567295774,0.472829943508758,0.63,0.493,1
"KCTD3",0.0169041621330726,0.402073735235754,0.493,0.343,1
"IST1",0.0169858077577704,0.345462016415465,0.573,0.433,1
"ADAMTS5",0.0171247518292178,0.614132974426463,0.569,0.463,1
"ALG13",0.0171627282164102,0.420021168150238,0.649,0.537,1
"STX17",0.0173169320151443,0.347412792951199,0.445,0.269,1
"KCTD9",0.0173336288982016,0.306313596116322,0.408,0.239,1
"GALNT7",0.0173377996687048,0.460026326912369,0.308,0.164,1
"LINC01184",0.0173824670037115,0.450586320214447,0.573,0.448,1
"RPS6",0.0174256767979068,0.465747317012828,0.422,0.269,1
"AHR",0.0174781735525855,0.439316817462191,0.417,0.254,1
"SPART",0.0175739438411,0.30113985947106,0.555,0.388,1
"SLC12A6",0.0177237575348053,0.453516612744395,0.389,0.254,1
"PTPRA",0.0177503245902391,0.373835003384879,0.806,0.701,1
"ZBTB38",0.0178059870317972,0.451193295636559,0.564,0.388,1
"MTFR1",0.017833861259591,0.367658181859979,0.384,0.224,1
"TRAM1",0.0179217015467416,0.332132817492397,0.303,0.149,1
"KANTR",0.0179345551007721,0.415204024641485,0.464,0.313,1
"CRIM1",0.0179358010677367,-0.634000708146163,0.725,0.716,1
"LARS2",0.0180119069412369,0.317597831696078,0.355,0.209,1
"LINC00476",0.0182374070310735,0.431888486030642,0.318,0.179,1
"ARGLU1",0.0182488102035824,0.335201534047538,0.787,0.612,1
"HP1BP3",0.0182572700716572,0.381933748954518,0.739,0.627,1
"NCBP3",0.0183562525821112,0.342371444737347,0.403,0.254,1
"ABHD18",0.018482523496808,0.464609398989917,0.559,0.433,1
"PAXBP1",0.0185527282523392,0.4102808394962,0.521,0.358,1
"SULF1",0.0185841906428363,0.560445211246156,0.621,0.463,1
"SCAF8",0.0185954992205275,0.34183550017933,0.749,0.672,1
"FGF2",0.0186305339454809,0.334372788591128,0.569,0.463,1
"GTF3C2",0.0186694954579082,0.386455973898354,0.474,0.313,1
"NXN",0.0186988475686378,0.492438246072205,0.374,0.224,1
"MEF2A",0.0188143361945965,0.301396687072562,0.806,0.761,1
"NCL",0.0188769279789745,-0.455758959449569,0.379,0.507,1
"RPS12",0.0190213336871496,0.667159423687677,0.379,0.254,1
"YIPF4",0.0190487688354597,0.393698039370089,0.63,0.463,1
"ACOX1",0.019083049599028,-0.367154994437143,0.479,0.567,1
"USP53",0.0190996532546784,-0.413948889146915,0.611,0.701,1
"SLC30A9",0.0191139636147303,0.306461937127121,0.555,0.433,1
"CBR4",0.0193242215757826,0.3739101518709,0.564,0.418,1
"AL390957.1",0.0194198281378965,0.475641840487099,0.327,0.194,1
"UBE2V1",0.0194292731443984,0.330477303585212,0.445,0.299,1
"ODF2L",0.0195644489891185,0.411155663613039,0.602,0.463,1
"WDR59",0.0195725124352669,0.414742394265925,0.597,0.463,1
"PRDM6",0.0198735063852833,0.406856909579805,0.55,0.388,1
"MSANTD2",0.0200258458222286,0.382651165565517,0.303,0.164,1
"KLHL29",0.020220271218489,-0.339006166925311,0.697,0.776,1
"ELF2",0.0205256307780423,0.331253244928942,0.872,0.791,1
"SLC35E1",0.0205977488418308,-0.377662226137396,0.275,0.388,1
"DNMBP",0.0207820510026047,0.339683725059898,0.559,0.418,1
"IFT52",0.0207985358279616,-0.347517671599636,0.303,0.433,1
"GNPAT",0.0208554355552006,0.335503669090202,0.308,0.164,1
"TLN2",0.0208901028370854,0.323681617417528,0.905,0.97,1
"CHP1",0.0209523384631572,-0.409040063751091,0.422,0.567,1
"CAPN7",0.0210090609971615,0.369577330084821,0.659,0.522,1
"C11orf54",0.0212191936985964,0.361446903938837,0.389,0.239,1
"RNF215",0.0212247303632058,0.335579445667635,0.474,0.299,1
"CAMK2G",0.0212429371264486,0.396248601139549,0.341,0.209,1
"TGFBR3",0.0213038330457632,-0.513730084720697,0.81,0.806,1
"C11orf58",0.0213300734877756,0.371817434665447,0.479,0.328,1
"ADGRA3",0.0215118391939457,0.40342492958883,0.573,0.433,1
"UBN2",0.021588839583039,0.330431318218857,0.649,0.493,1
"DPH6",0.0216491063342222,0.34224441221665,0.635,0.493,1
"PIK3CA",0.0218216407218049,0.355885515942161,0.55,0.388,1
"ARHGAP6",0.0219222534018272,0.641486991274072,0.488,0.358,1
"ZNF846",0.0219771032941383,0.368225841673402,0.483,0.328,1
"INTS1",0.0221870022407187,-0.403774329441144,0.204,0.313,1
"AKAP8L",0.0222301494150955,0.344585651786111,0.569,0.418,1
"ANAPC7",0.0222379303566526,0.346569040580927,0.398,0.254,1
"DHRS7B",0.0223337510209749,-0.311527796614608,0.398,0.552,1
"ZBTB1",0.0224784690308685,0.418268502497487,0.583,0.463,1
"VPS41",0.0224857505407904,0.341676825123779,0.536,0.358,1
"L3MBTL4",0.0225411234494476,0.32968747201404,0.436,0.269,1
"FABP4",0.022542949721622,-0.330075428569843,0.801,0.955,1
"WDSUB1",0.0225466778988709,0.359356937705588,0.464,0.299,1
"COL1A2",0.0225931556683803,0.571985302956994,0.626,0.522,1
"DEAF1",0.0227807137788345,0.3241764502612,0.412,0.239,1
"HNRNPL",0.0229023844981695,-0.340944181903809,0.445,0.507,1
"CNST",0.0229312406097633,-0.315302111602738,0.469,0.567,1
"ZRANB1",0.0230437763217766,-0.377227176563057,0.464,0.582,1
"SLTM",0.0230621000781529,-0.307101464054816,0.791,0.91,1
"SND1",0.0230665224019051,-0.303574439109552,0.664,0.791,1
"PHF14",0.0231013597368518,0.477583270674178,0.673,0.627,1
"MORC2",0.0232344149510978,0.339420649304066,0.341,0.209,1
"CAPN2",0.0232788266885439,0.318098798273456,0.441,0.284,1
"MINDY3",0.0233283130480789,0.381393028323485,0.498,0.358,1
"RBM26",0.0233439438053435,0.424755315950053,0.768,0.731,1
"RAC1",0.0234318027904585,0.402833720246842,0.469,0.313,1
"AHI1",0.0235681100534738,0.375133587388285,0.777,0.687,1
"SOGA1",0.0235784953550896,0.409469504125973,0.559,0.418,1
"PCBP1-AS1",0.02365426248227,0.380794295511685,0.673,0.567,1
"RASSF8",0.0237284381046693,0.441117134326171,0.55,0.433,1
"BCLAF3",0.0237920168868321,0.371137363967184,0.445,0.313,1
"MAP3K1",0.0237939242873729,-0.314608095405067,0.422,0.537,1
"COA1",0.0239757977223929,0.484567301363446,0.583,0.463,1
"ARHGAP12",0.0241341228785165,0.393343740814132,0.659,0.507,1
"ALOX12-AS1",0.0241423613087156,0.439501275570217,0.46,0.313,1
"BRI3",0.0242928107459884,0.359359421612616,0.393,0.254,1
"CEPT1",0.0245634303112306,0.384845114215348,0.517,0.388,1
"ZNF451",0.0245780390172446,0.333647329376234,0.569,0.403,1
"MRPS31",0.0245993356224944,0.380311596403777,0.365,0.224,1
"AAMDC",0.0245994680243761,0.343587344156847,0.564,0.388,1
"KLF13",0.0247895596506813,-0.305160054883169,0.318,0.448,1
"FBLN1",0.0249291219966886,0.58370165410648,0.787,0.746,1
"FTH1",0.0252529428878419,-0.388945009384956,0.422,0.537,1
"PLXDC2",0.0254027606555247,0.334301724098999,0.924,0.761,1
"PTBP2",0.0254383445260359,0.393734932649783,0.697,0.597,1
"SPATA5",0.0254638541066246,0.467949483081716,0.597,0.463,1
"CCAR1",0.0257420321991534,0.395988437871564,0.668,0.537,1
"RSF1",0.0257596215267018,0.452377946981755,0.701,0.567,1
"PLAAT5",0.0258032123839857,0.353570618598661,0.327,0.194,1
"ATP1A2",0.0259580708463524,-0.305577155794909,0.199,0.328,1
"CASD1",0.0259642416248045,0.423771441139994,0.464,0.328,1
"TRABD2B",0.0260030690916441,0.383599471444706,0.308,0.164,1
"KIAA0586",0.026333095444875,0.306948448355613,0.412,0.284,1
"MORC4",0.0264559479560599,-0.343022939390912,0.336,0.448,1
"LARP4",0.0267624852657229,-0.354777861996318,0.592,0.657,1
"KLHL13",0.0268716329837455,0.496395856549633,0.398,0.254,1
"RBL2",0.026985149594822,0.372928350100419,0.521,0.388,1
"RPL3",0.0271790403582913,0.417548655676413,0.403,0.254,1
"RESF1",0.0272544755568461,0.388012302833371,0.355,0.224,1
"NLGN4Y",0.0272748758626026,0.345072669942492,0.303,0.164,1
"AFF3",0.0273115887160806,0.400724563313057,0.635,0.507,1
"GASK1A",0.0273277340385833,0.352704900666435,0.36,0.209,1
"ZC3H13",0.0276179600560051,0.434710091932347,0.626,0.478,1
"GKAP1",0.0276317162262091,0.305144427885002,0.384,0.224,1
"ARHGEF7",0.0277210987640732,-0.335471965727681,0.701,0.791,1
"CCDC7",0.0277408218489833,0.363996970621641,0.64,0.478,1
"SRP19",0.0277600620322306,0.300559948994177,0.332,0.194,1
"ADAMTS12",0.0278939818427132,-0.336076872370587,0.739,0.851,1
"CALM1",0.0280506168927938,-0.31726345551716,0.299,0.433,1
"CDC14B",0.0282760848471326,0.355346654675474,0.659,0.567,1
"VPS4B",0.0286704604030677,0.304621367571776,0.393,0.239,1
"GABPB2",0.0287584133238922,0.379730700592831,0.777,0.687,1
"FNBP4",0.0287598122318501,0.426449354085097,0.716,0.612,1
"EDEM3",0.0287849309349943,0.373249507660271,0.479,0.343,1
"TCEA1",0.0288214221924826,0.344842778994388,0.483,0.343,1
"RBM33",0.0290194478648758,0.372488080642783,0.706,0.642,1
"JUNB",0.0290808080753763,-0.303371662138616,0.389,0.493,1
"TIA1",0.0290928325180894,0.341934125382659,0.341,0.209,1
"SENP2",0.0291584893513132,0.407835347035475,0.436,0.299,1
"ATP10A",0.0292693765374826,-0.497542313805172,0.327,0.448,1
"SLC25A42",0.0297896132600984,-0.527366492646752,0.341,0.433,1
"TTC28-AS1",0.0298030664739519,0.334297475807143,0.318,0.194,1
"IMPAD1",0.0298364148030593,-0.351770166526326,0.327,0.433,1
"MBD5",0.0299095573978425,0.336988511401898,0.82,0.881,1
"C8orf76",0.0301009087328539,0.338967288520508,0.422,0.284,1
"MLLT3",0.0301272273324933,0.427608352051355,0.55,0.418,1
"MYO5A",0.0301594567381298,0.387503586558909,0.493,0.343,1
"ZNF410",0.0301884849980024,-0.302231648803565,0.393,0.522,1
"ZFAND6",0.0303630241584341,-0.370142372469295,0.81,0.866,1
"ANXA6",0.0304670359529007,-0.394712386795133,0.422,0.507,1
"GULP1",0.0304849533769997,-0.345494032624856,0.393,0.522,1
"C2CD5",0.0305915056631171,0.354351637753342,0.526,0.388,1
"WDR45B",0.0307189882972777,0.406246974565151,0.436,0.299,1
"PRELID2",0.0308378491911922,0.408695995229101,0.55,0.418,1
"BTD",0.0309377826196636,0.37503425763272,0.659,0.582,1
"USF3",0.0311981766726197,0.312223437324124,0.341,0.209,1
"LRRIQ3",0.0314593066709919,0.333907446859592,0.408,0.269,1
"ELP3",0.0314976057536121,0.357548341365338,0.365,0.224,1
"TMEM245",0.031535570112089,0.458813573867616,0.626,0.478,1
"DCLK1",0.0316543651870499,0.31718863848889,0.82,0.687,1
"HIVEP1",0.0317417016691674,-0.35848463650381,0.545,0.657,1
"SEC22B",0.0319614781717136,0.360377906434554,0.355,0.224,1
"DDX6",0.03226948748936,0.320501210096258,0.573,0.388,1
"INTS8",0.0326212709207845,0.40064619451209,0.313,0.179,1
"DAPK3",0.0326297603279156,-0.319645751857648,0.199,0.313,1
"PHACTR4",0.0327688289923123,0.514240791717191,0.673,0.597,1
"PUM2",0.0328631536246823,0.443286505032638,0.758,0.716,1
"PPA1",0.0331523916580355,-0.421166669675974,0.46,0.582,1
"RFX3",0.0332157025833215,-0.396795538801515,0.474,0.582,1
"ASAP2",0.0334888880747795,0.352625797489956,0.796,0.687,1
"ALPK1",0.0337185269669814,0.44858877249908,0.531,0.418,1
"TDG",0.0338319115989372,0.347165587731863,0.332,0.209,1
"MRPS5",0.0339435532245554,0.334275827294125,0.318,0.179,1
"PALLD",0.0342105364464631,0.451953368570851,0.427,0.284,1
"GPD2",0.0343526480985238,-0.419796232268246,0.536,0.612,1
"NR1D2",0.0343798669768648,0.378172876603626,0.341,0.224,1
"ABCC9",0.0344077323299031,-0.410323724998677,0.256,0.373,1
"APPL1",0.0345477394527964,0.350383839042858,0.427,0.284,1
"GANC",0.0347766581797118,0.356386659478088,0.384,0.254,1
"PKN2",0.0348503140567026,0.323379469979532,0.81,0.836,1
"METAP1D",0.0348639716725554,0.373331849803205,0.374,0.254,1
"TRIM66",0.0348779154825558,0.316791788471825,0.493,0.358,1
"PGM1",0.0349147216990715,-0.300561229895635,0.412,0.507,1
"MAX",0.0350128236488749,0.4123322851097,0.408,0.284,1
"ATP9A",0.0350559773377584,-0.328585860798864,0.73,0.836,1
"SPG7",0.0351575825552636,0.350248777406062,0.673,0.507,1
"RBBP4",0.0354234522772619,0.308587762896401,0.488,0.343,1
"SMIM3",0.0354399667947916,-0.386296632577387,0.232,0.328,1
"PALM",0.0356831839845268,0.380387123866413,0.701,0.627,1
"HNRNPDL",0.0357063284932323,0.301257943598693,0.526,0.373,1
"KATNBL1",0.0364352972452061,0.416314923668752,0.611,0.493,1
"NAA16",0.036465264024108,0.343666926284352,0.374,0.224,1
"ARMCX4",0.0365023483140873,0.389553077705679,0.621,0.507,1
"PXDNL",0.0367204091569626,0.755776802259184,0.422,0.299,1
"RPL22",0.0370800897645103,0.457639478141379,0.417,0.284,1
"AEBP2",0.037114416361611,0.421854761204234,0.635,0.552,1
"IMMT",0.0372460068973241,0.371390960302731,0.512,0.403,1
"PTS",0.0372743048294521,0.321679542785034,0.374,0.239,1
"DDX3X",0.0375108272116679,-0.405234643965573,0.583,0.657,1
"FUT8",0.0376649125878032,0.363637761611144,0.621,0.522,1
"EEA1",0.0384101782008247,0.33622667397775,0.763,0.701,1
"TXNDC11",0.0385034008764611,-0.354630521834872,0.403,0.478,1
"ZNF655",0.0386836438407682,0.332115394904365,0.55,0.418,1
"TMOD3",0.039044982923636,0.383434006763919,0.517,0.358,1
"MTERF1",0.0392783185947433,0.447709969107888,0.564,0.478,1
"GOSR1",0.0393495848310142,0.350680883232748,0.602,0.418,1
"CRTC3",0.0396028715618476,-0.456246757346758,0.607,0.687,1
"PARP6",0.0400173805096339,0.305921559650366,0.422,0.284,1
"C20orf194",0.0403086895431382,0.42181985067426,0.706,0.582,1
"CASP8AP2",0.0403107296337398,0.42367904335339,0.412,0.284,1
"POLR3B",0.0403163302451525,-0.363564559670246,0.209,0.313,1
"FBXL17",0.0404266688217161,0.361909758730785,0.815,0.836,1
"NEK1",0.0404964582620186,0.362032823962771,0.502,0.403,1
"ZNF33A",0.0405857934751953,0.440927253608683,0.578,0.493,1
"LSAMP",0.0406717452413725,0.544398397968899,0.654,0.507,1
"SEC31B",0.0408255686824312,0.336538936573088,0.389,0.269,1
"ULK4",0.0410603618634022,0.387071908101937,0.573,0.448,1
"KAZN",0.0411781320529597,0.374343079893972,0.948,0.985,1
"EZH1",0.0412179257226062,0.409229858490629,0.63,0.537,1
"TJP1",0.0413010813569933,-0.369219218668613,0.64,0.701,1
"PTK2B",0.0422426932138166,0.316633613922021,0.384,0.269,1
"GIPC1",0.0422745137734022,0.317588116454432,0.469,0.313,1
"RPN2",0.0425836311803849,0.354172634102314,0.365,0.224,1
"C16orf72",0.0426467079960604,-0.350155500279868,0.213,0.313,1
"SPG11",0.0427124722624818,0.352982042029759,0.649,0.552,1
"SS18",0.0428628021753892,0.3611351519019,0.531,0.403,1
"CAPRIN1",0.0429643170532175,0.403255990651597,0.436,0.313,1
"LINC00882",0.0437100575540212,0.440272497796346,0.384,0.269,1
"TCF25",0.0438326840556683,0.385451825763445,0.701,0.612,1
"ZNF141",0.0439368873203904,0.305923659207825,0.408,0.269,1
"RNF217",0.0441582460164185,0.402214234171058,0.611,0.478,1
"RASA2",0.0442468936040059,0.410228018659558,0.573,0.448,1
"DAAM2",0.0443817757048848,-0.343814988171202,0.308,0.418,1
"NBR1",0.0447230287856773,0.34031588100398,0.469,0.328,1
"C1R",0.0448547778260204,0.382931851966372,0.403,0.254,1
"TUBGCP3",0.0449102391153104,0.310027795254639,0.483,0.328,1
"CHPT1",0.0450275096438532,0.432472572428451,0.474,0.373,1
"SLC19A3",0.045229573809253,0.559097522184209,0.744,0.806,1
"SLK",0.0454031033513616,0.303670255641066,0.469,0.358,1
"APMAP",0.0455489083510292,0.340121480662914,0.483,0.358,1
"SDC2",0.0455810279635739,-0.361936374034042,0.749,0.806,1
"TAB2",0.0456454229403918,0.351930062106369,0.592,0.507,1
"BRWD1",0.0458686195423778,0.301753016827656,0.758,0.716,1
"LPL",0.046987361922894,0.591892655002086,0.768,0.806,1
"HNRNPK",0.0475826226189404,-0.503164920190146,0.36,0.433,1
"CCDC36",0.0481571184002608,-0.328670394823762,0.441,0.537,1
"INPP5F",0.0483602444124449,0.311158041647808,0.36,0.224,1
"MCCC2",0.0484105255347483,0.364064181116465,0.512,0.388,1
"TMEM91",0.0484406298509682,0.376825879493789,0.341,0.209,1
"AGPAT2",0.0488000568173007,-0.383227305228192,0.588,0.687,1
"DHDDS",0.0493788145009184,-0.323296843878329,0.536,0.582,1
"TIAM1",0.0497767053857899,0.430458741448694,0.322,0.209,1
"FAM193B",0.0501485340384845,0.324323442319845,0.45,0.328,1
"CROCC",0.0501629196835975,0.304640808945746,0.341,0.209,1
"NOVA1",0.0501638747485231,0.350517884961803,0.701,0.582,1
"DPYSL3",0.0502843311318761,-0.301380327783188,0.445,0.552,1
"GTF2IRD1",0.0508082100295915,-0.381701887204054,0.417,0.507,1
"CD36",0.0510317289326863,0.399809468139313,0.929,0.955,1
"WIPF1",0.0513441484677761,0.342039460319204,0.536,0.388,1
"CPE",0.0515545861028014,0.460585923042769,0.455,0.358,1
"AL162253.2",0.0519782381392851,0.396340879109559,0.431,0.299,1
"GCFC2",0.0520418556696266,0.344592210873273,0.502,0.388,1
"APOL6",0.0524545585847639,0.336623570970909,0.668,0.597,1
"SDCBP2-AS1",0.0526585719376311,-0.302718974526348,0.261,0.358,1
"LHFPL6",0.0529995029942988,-0.305564388474578,0.763,0.866,1
"TUBD1",0.0533546490631045,0.313719067070196,0.341,0.224,1
"DANT2",0.0534158758806866,0.442655271368781,0.536,0.418,1
"PTCD3",0.0536785301201894,0.315429596992051,0.427,0.299,1
"THBS1",0.0542445426543706,0.764174713065317,0.374,0.269,1
"PDS5B",0.0545465250456277,0.317120062743581,0.673,0.552,1
"XKR6",0.054950206163924,0.333722715373693,0.597,0.463,1
"RANBP9",0.0549578707567706,0.382021534248485,0.611,0.478,1
"CACNA2D3",0.0550301138927965,0.45190245271889,0.464,0.343,1
"ANKRD28",0.0555852583287125,0.314473378171847,0.526,0.403,1
"TECPR2",0.0559167771548699,0.380755124570396,0.455,0.328,1
"AL357153.2",0.0559880622280927,0.335448866763722,0.55,0.418,1
"NUB1",0.0559962665409712,0.33468925290916,0.355,0.254,1
"ZNF611",0.056176571743395,0.362572433058786,0.379,0.269,1
"ABI3BP",0.0566171338309412,0.565811350941585,0.711,0.612,1
"DCAF7",0.0566385443068505,0.362618981442948,0.427,0.328,1
"PSMB7",0.0567443341840443,-0.374986438272655,0.355,0.433,1
"AC007319.1",0.0571510514834748,0.566230140754864,0.464,0.358,1
"MACROD1",0.0572842091835863,-0.308823246399802,0.256,0.358,1
"ETNK1",0.0573087964875964,0.42053615278691,0.545,0.433,1
"PRORP",0.0585152829402744,0.406152138990709,0.408,0.299,1
"TTLL11",0.0588612545526448,0.339494830549995,0.379,0.269,1
"EEF2K",0.0591985920225693,0.349873396261226,0.512,0.373,1
"SERPING1",0.0592306054351666,0.427543243689063,0.384,0.269,1
"DCAF10",0.0593761379894489,0.376810493562957,0.559,0.463,1
"XPO1",0.060085415011187,0.305977793179252,0.725,0.642,1
"GALNT11",0.0602262375151487,0.323753774698599,0.474,0.358,1
"VIRMA",0.0603361980664146,0.314110895209049,0.389,0.254,1
"GATA6",0.0607352999661817,-0.309039732755428,0.46,0.537,1
"DDX5",0.0611105007629146,-0.308489738576567,0.773,0.866,1
"SLFN5",0.0611765731358986,0.353613061661502,0.389,0.254,1
"MEDAG",0.0613191255582678,0.468078089906861,0.318,0.209,1
"ZNF573",0.0615772969755684,0.31455798289297,0.313,0.209,1
"SHMT1",0.0617795869939766,0.342516338814311,0.417,0.299,1
"MAP7D1",0.062312130882005,-0.405031138804052,0.336,0.418,1
"OSBPL11",0.0630076853183904,-0.546350687556956,0.408,0.493,1
"LPCAT2",0.063482496205597,-0.611076131392246,0.28,0.358,1
"PPP3CC",0.064114217169576,0.3740204373505,0.564,0.448,1
"PLEKHH2",0.0644159926546607,0.433512137073523,0.46,0.358,1
"SLC8A1",0.0652625773651207,0.38464322079346,0.313,0.194,1
"SUPT20H",0.0654042531449116,0.319292004087527,0.336,0.224,1
"AC007529.2",0.0677475211916299,0.443501510481169,0.597,0.537,1
"ZNF566",0.0678944592429542,0.333051814641214,0.355,0.239,1
"LMAN1",0.0681932978056044,0.324412487034546,0.308,0.209,1
"TERF1",0.0685596470246524,0.305269363022894,0.322,0.224,1
"NDST1",0.0686140491859095,-0.37199543292852,0.355,0.433,1
"AC027097.2",0.0691846861296952,0.391076983740701,0.384,0.269,1
"ST3GAL2",0.0692655905810228,0.429660544758306,0.374,0.284,1
"SLC41A2",0.0696536382381444,0.327177433551661,0.36,0.239,1
"TMEM161B-AS1",0.0696878604569309,0.333931667065637,0.502,0.373,1
"ALDH7A1",0.0704670143412755,0.318983779449608,0.403,0.299,1
"ACKR3",0.070476410257968,0.530860541708131,0.455,0.373,1
"ERMP1",0.0714361309491544,0.401726779740212,0.351,0.269,1
"URI1",0.07158555507797,0.326810207316355,0.564,0.448,1
"KIAA0825",0.0716822171357976,0.37571283167461,0.464,0.343,1
"RNF24",0.0720483761255487,0.37337006935898,0.436,0.343,1
"COX10-AS1",0.0721715792527046,0.374268225608437,0.474,0.373,1
"FGF14",0.0727890851319505,0.551914835856558,0.322,0.209,1
"ACVR1",0.0728181494146559,0.349462280355051,0.474,0.403,1
"EPC2",0.0728438988607951,0.307902651244824,0.635,0.567,1
"PCM1",0.0729441228160567,0.322431693581698,0.763,0.731,1
"TRAPPC12",0.0729919813693076,0.394040022509227,0.521,0.418,1
"PPP3CB",0.0732489600237788,0.37479279015286,0.754,0.701,1
"PDE3A",0.0732751031045421,-0.300641261148798,0.431,0.537,1
"PIAS2",0.0735809122608138,0.361180245478973,0.483,0.373,1
"FAM193A",0.0735988711115417,0.358687866135376,0.635,0.597,1
"EMC3",0.0742477679392634,-0.350071717510142,0.569,0.597,1
"FKBP9",0.0750480730970251,0.321292948613273,0.365,0.254,1
"POT1",0.0754296742589147,0.358001470329357,0.303,0.209,1
"URGCP",0.0762518136857877,0.344400756960469,0.635,0.552,1
"C6orf62",0.0769099626350835,0.410738308489802,0.54,0.463,1
"GLI3",0.0769125945038366,0.384253001984423,0.701,0.657,1
"GK5",0.0771027278192975,0.324266133660356,0.398,0.299,1
"RPS28",0.0780829686968802,0.346547974370821,0.351,0.224,1
"VAV2",0.0791180248988707,0.331096862459768,0.303,0.209,1
"RAPGEF4",0.0792135776663837,0.338377246632,0.602,0.552,1
"PYGL",0.079994300107252,-0.370520395790176,0.531,0.612,1
"CMIP",0.0807632643600983,0.44606611466077,0.521,0.433,1
"STAM2",0.0813806808646534,0.321455115807331,0.483,0.403,1
"CPM",0.0827057204686086,0.418625900787982,0.602,0.478,1
"CDK6",0.0829856084860951,0.387236670749723,0.398,0.299,1
"LAMB1",0.0832500215362091,0.30414013504792,0.645,0.507,1
"KIAA1755",0.0833451499854991,0.409971540232141,0.351,0.254,1
"NHSL1",0.0844272178637453,0.478312680012976,0.45,0.343,1
"SGCG",0.0850695298813645,-0.334162418289113,0.303,0.388,1
"DCAF8",0.0853011926251201,0.405021234818833,0.602,0.522,1
"DENND1B",0.085965127329765,-0.350138152108091,0.488,0.582,1
"TENT5A",0.0867644569364396,0.434885707620472,0.427,0.313,1
"NRG2",0.0869462446557545,-0.415830556969694,0.308,0.388,1
"TRIP4",0.086970177306414,0.376795484493201,0.502,0.403,1
"AC079781.5",0.0884617364272977,0.300382660371083,0.635,0.582,1
"NOL9",0.0886954271470936,0.33650406271136,0.355,0.239,1
"CUL3",0.0890319693731563,-0.328781279210219,0.64,0.687,1
"COL3A1",0.0895679402353651,0.363405942811432,0.768,0.687,1
"TBCA",0.0896849371931232,0.344043507608012,0.531,0.418,1
"POR",0.0905280284660216,-0.43405046623107,0.427,0.478,1
"RGCC",0.0906735629975553,-0.319046338647383,0.256,0.343,1
"KMT2A",0.0917445015196258,0.303432311976632,0.673,0.582,1
"KREMEN1",0.0918405865913893,0.373032954983257,0.408,0.284,1
"ZNF146",0.0920443354391415,0.320922313255733,0.445,0.343,1
"KMT5B",0.0921775825226711,0.302780107774029,0.716,0.672,1
"FNBP1",0.0928013824372337,0.319650602044743,0.687,0.612,1
"GFPT2",0.0929900259932577,0.302831113120198,0.559,0.448,1
"HEATR5B",0.0933103463791874,0.347154305105824,0.63,0.507,1
"DCBLD2",0.0945125736955028,0.332631420428742,0.502,0.403,1
"AMOTL2",0.0946417640473892,-0.305362602955516,0.431,0.493,1
"PIGU",0.0952606610396391,0.368275466471824,0.322,0.224,1
"TARBP1",0.0963762302766398,0.302530973451104,0.417,0.328,1
"CUL2",0.0965950820500798,0.343984184850693,0.327,0.224,1
"DLEU2",0.0969159457282553,0.333835315207835,0.716,0.612,1
"AKAP8",0.097578857679839,0.354288683764342,0.37,0.254,1
"RABGAP1",0.0985995964066938,0.422595167871135,0.735,0.657,1
"GOLGA1",0.0988724672116558,0.364154877973238,0.469,0.373,1
"RFX3-AS1",0.0995979303743168,0.305985886446604,0.611,0.522,1
"FER",0.100276665005661,0.327816045052304,0.82,0.821,1
"HDAC9",0.100544594903647,0.307235082353652,0.332,0.224,1
"PIK3C2B",0.101331609067327,0.315956769232148,0.493,0.373,1
"CWC27",0.10325807452178,0.300325000362375,0.403,0.313,1
"ARL15",0.104940146879651,0.346025310014552,0.735,0.701,1
"MGP",0.106778866344152,-0.382833082392623,0.412,0.522,1
"CD55",0.10764282433784,0.360187387302895,0.36,0.239,1
"CORO2B",0.108187437092576,0.317433700384692,0.512,0.403,1
"PDGFC",0.10962248372692,0.340838251690772,0.754,0.761,1
"COQ8A",0.109802430221119,-0.317218165706597,0.602,0.672,1
"CPD",0.11133836685261,-0.518881497607035,0.318,0.373,1
"PDGFRB",0.111646671367584,0.318436906514621,0.318,0.209,1
"NFATC2IP",0.111867832047549,0.32145951071758,0.374,0.284,1
"IKBKB",0.112620496348186,0.378952432866387,0.464,0.373,1
"ADCY9",0.112672335485839,0.341268827967243,0.507,0.373,1
"SLC25A46",0.112890585099802,0.321913745865555,0.403,0.313,1
"PRKG1",0.114446046130376,0.318137939861512,0.863,0.896,1
"RPAP2",0.115163633496585,0.332961469214063,0.607,0.537,1
"HNMT",0.11770775457078,0.355878708913745,0.526,0.418,1
"FGFR1OP",0.118765182213403,0.352467294274727,0.464,0.358,1
"RPL13",0.118854786493459,0.497296968689088,0.635,0.567,1
"RPS24",0.119320299161547,0.429986862418145,0.398,0.313,1
"PSMA1",0.119493604595759,-0.314340090821204,0.545,0.627,1
"SECISBP2",0.120067388924509,0.329581970007602,0.536,0.478,1
"MIPOL1",0.121649436360834,0.351293917385297,0.555,0.493,1
"CAP2",0.121939201779092,-0.31258582498379,0.46,0.522,1
"SMAD6",0.122739707554484,-0.419494754668671,0.422,0.463,1
"NEGR1",0.122760574179766,0.360173825528472,0.919,0.896,1
"AKNA",0.122801388477114,-0.316252724259333,0.379,0.433,1
"NFX1",0.123303133802666,0.348181487610889,0.597,0.567,1
"LINC01473",0.123452236737615,0.3003602345661,0.763,0.806,1
"CCDC6",0.123861444343881,0.333641446897385,0.374,0.284,1
"ZNF44",0.124324582681002,0.31961166159554,0.588,0.493,1
"ATG4B",0.125579420653143,0.301104478972271,0.355,0.254,1
"CUBN",0.126571369655924,0.322015074719328,0.308,0.224,1
"CPT1A",0.126924071645277,0.374737652235285,0.441,0.358,1
"FARP1",0.127088382856904,0.350716858003002,0.336,0.239,1
"RNF115",0.129864464340165,0.321241875995215,0.692,0.627,1
"LHFPL2",0.130706128926394,-0.417621712659177,0.445,0.507,1
"MTAP",0.130944933511496,0.346544321044316,0.502,0.418,1
"NSUN6",0.132112706889043,0.395717034628154,0.517,0.478,1
"EFCAB6",0.13258950065346,0.305649854899028,0.393,0.299,1
"ABCD3",0.133445580718312,0.337542181155144,0.441,0.373,1
"PLIN5",0.133820795076259,0.327239227914561,0.768,0.761,1
"SASH1",0.138139786608652,0.317002329134207,0.739,0.672,1
"MAN1A2",0.138169955370923,-0.320422186892418,0.559,0.612,1
"CLIC4",0.139128964234858,-0.582385409786362,0.611,0.597,1
"LGR4",0.140314062512182,-0.344949712159481,0.701,0.716,1
"TULP3",0.14191404019071,0.305284341985483,0.502,0.403,1
"PSAP",0.14206260967046,0.373209674373916,0.488,0.418,1
"KHDRBS1",0.142589429757756,-0.332802627817494,0.536,0.537,1
"CNIH3",0.146902372545885,0.320182489880742,0.403,0.313,1
"SNX3",0.151988800861783,0.398821564674835,0.346,0.269,1
"USP3",0.152093491435823,0.348082984876066,0.659,0.642,1
"DMXL2",0.154045899091054,0.364900231000858,0.469,0.373,1
"C6",0.154994329676383,0.563570868685503,0.555,0.493,1
"AZIN1",0.156180432339351,-0.327768931331571,0.374,0.433,1
"COPA",0.156769086102569,0.306370485260687,0.649,0.522,1
"ADAM10",0.164842523911791,0.423516357286117,0.545,0.493,1
"EIF3E",0.165067957067757,0.308564672466436,0.427,0.358,1
"EEF1A1",0.165521586527072,0.337632475571398,0.758,0.657,1
"CYP1B1-AS1",0.169490307117913,0.31323821497489,0.469,0.388,1
"CAB39L",0.171876099570318,-0.358418347132507,0.436,0.493,1
"MAU2",0.17210684448219,0.310160764368212,0.531,0.433,1
"C2CD3",0.172995486120142,0.346686477479114,0.308,0.239,1
"ATP2B1",0.173184409106456,0.311627975716208,0.408,0.313,1
"AC119674.1",0.182000242954088,0.404880006678413,0.403,0.343,1
"LIMD1",0.187324102135197,0.395598011092982,0.417,0.343,1
"HEG1",0.18749687815146,0.316721282047808,0.592,0.463,1
"KLHL20",0.192108269298092,0.3047360461227,0.393,0.328,1
"TOR1AIP2",0.196033717103122,0.325524374445433,0.327,0.254,1
"KCND2",0.204663703819726,0.40115742965591,0.73,0.731,1
"PLEKHA1",0.204810345382001,0.384010313742083,0.351,0.284,1
"SNTB1",0.205544728406118,0.341492916223951,0.436,0.358,1
"LINC02614",0.218844684149248,0.320558618606819,0.479,0.388,1
"MSRA",0.226284909966465,-0.332182315002492,0.588,0.612,1
"ST3GAL5",0.2276419553295,0.314126521428048,0.488,0.418,1
"NET1",0.229945097169134,0.304786854189611,0.455,0.388,1
"AC046134.2",0.234962405313927,0.354022318506749,0.427,0.358,1
"TPST1",0.236567405721683,0.368963096823982,0.578,0.522,1
"SAT1",0.242842869031749,0.368356023666252,0.682,0.672,1
"COL1A1",0.24679582321406,0.303927578481728,0.374,0.299,1
"MAP3K14",0.247041881433942,-0.32600319090766,0.408,0.433,1
"SH3RF3",0.247262920969843,0.337485658473555,0.417,0.358,1
"PLEKHA2",0.247548137251073,0.349714826202505,0.445,0.388,1
"PCOLCE2",0.247595262574567,0.331371525142441,0.787,0.731,1
"MATN2",0.259992183529205,-0.356784254629354,0.507,0.493,1
"APP",0.266264457989595,0.359752865629078,0.531,0.433,1
"SCFD2",0.269871101275695,0.355060392159585,0.673,0.657,1
"SNX10",0.280260789235794,-0.315166941423309,0.351,0.373,1
"DOCK7",0.280966728896328,0.371931902146626,0.602,0.567,1
"SLC35D1",0.291461421219817,-0.317423782351196,0.265,0.313,1
"ADAMTSL3",0.292009125751543,-0.323409370250284,0.54,0.582,1
"ZYG11B",0.292986061184577,0.303136842022552,0.521,0.478,1
"KLF6",0.297315690683991,-0.336180486775464,0.445,0.478,1
"RPLP1",0.303128581924901,0.335506707032897,0.474,0.403,1
"RPS9",0.305404106974286,-0.340854125905055,0.36,0.418,1
"SPRY4-AS1",0.312701875933696,0.340882903636411,0.384,0.313,1
"CHSY3",0.325437255599401,0.301217854850371,0.389,0.358,1
"WDTC1",0.329097474948822,0.314233890017306,0.37,0.328,1
"ATP6AP1L",0.33122680872986,0.300782731345797,0.464,0.418,1
"CDH11",0.338082338003911,-0.428888002830003,0.299,0.328,1
"MEGF9",0.346810107139496,-0.372067791659819,0.336,0.358,1
"PDGFD",0.369419330315224,0.415340335961297,0.303,0.254,1
"FLRT2",0.369456178034852,0.358777190201538,0.597,0.537,1
"CEP170",0.399666448733329,0.310243096118219,0.54,0.507,1
"ESYT2",0.410411430216023,-0.330261152259272,0.773,0.881,1
"RFFL",0.439924884826536,-0.30663542134097,0.36,0.388,1
"THBS2",0.506726018587644,-0.44954916929931,0.299,0.328,1
"RPL10",0.541637137989516,0.344360991516199,0.37,0.328,1
"PDE4D",0.58519033622487,0.333390876535654,0.81,0.731,1
"EDA",0.596888494781306,0.385748279818231,0.351,0.343,1
"CFH",0.632458658519085,0.313875608778028,0.483,0.463,1
"CAV2",0.82629600427661,-0.436712726805039,0.384,0.328,1
